signal_bars,entry_z,max_hold,zlb,filter_event,filter_weekend,cap_h,n_trades,sr_is,sr_oos,sortino_is,calmar_is
3,1.0,1,200,False,False,0.016666666666666666,7966,2.3601527078537914,4.545666524641676,7.165327975988154,6.561344145352583
3,1.0,1,200,False,False,0.16666666666666666,9251,3.3205151393383443,4.543995503018959,5.588763404157323,4.447582017852486
3,1.0,1,200,False,False,0.5,10588,2.351977498485725,3.1494586737711354,3.514199319568906,2.2364093606993682
3,1.0,1,200,False,False,1.0,11353,1.5347233433527352,2.4191005983889515,2.202967751585079,1.5658356375374882
3,1.0,1,200,False,False,3.0,12107,0.6087425319132336,2.2511768825764427,0.8298577898015274,0.4299107729546078
3,1.0,1,200,True,False,0.016666666666666666,7904,2.392863893927755,4.531775672839315,7.336700528625244,6.8818415418139764
3,1.0,1,200,True,False,0.16666666666666666,9177,3.278561653460563,4.579644654087074,5.518968314607585,4.32814781117225
3,1.0,1,200,True,False,0.5,10497,2.3834156561592943,3.2230761906859047,3.5680374642294534,2.187521801315299
3,1.0,1,200,True,False,1.0,11261,1.5655338253155828,2.483798764000441,2.2498170315577934,1.5380698080523825
3,1.0,1,200,True,False,3.0,12009,0.6411689512158988,2.2999755925164607,0.8745394042698375,0.4465347178377025
3,1.0,1,200,False,True,0.016666666666666666,7953,2.3547879782719887,4.5520233311102025,7.148681525176372,6.546540093120378
3,1.0,1,200,False,True,0.16666666666666666,9237,3.2983250718349644,4.576299947982111,5.547535578860998,4.417508059753975
3,1.0,1,200,False,True,0.5,10576,2.311821698091879,3.1784846761162506,3.4507468999939808,2.2006167107583496
3,1.0,1,200,False,True,1.0,11336,1.5057801601066496,2.4399421130666927,2.160241234157771,1.5376388742793494
3,1.0,1,200,False,True,3.0,12088,0.5682207363608783,2.2854957981610946,0.774120482720858,0.40205576720789776
3,1.0,1,200,True,True,0.016666666666666666,7891,2.3875537766738706,4.538149694349813,7.32005804040472,6.866690944898815
3,1.0,1,200,True,True,0.16666666666666666,9163,3.2562872413398596,4.612023937320723,5.4776182833848415,4.298389486732545
3,1.0,1,200,True,True,0.5,10485,2.343030937219915,3.252248859754851,3.5040221034789414,2.152781845659723
3,1.0,1,200,True,True,1.0,11244,1.536463291332589,2.5047335676184983,2.20682120721849,1.5108091513899302
3,1.0,1,200,True,True,3.0,11990,0.6004876353944413,2.334450326466667,0.8185214027707917,0.4189926426843952
3,1.0,3,200,False,False,0.016666666666666666,7966,2.3601527078537914,4.545666524641676,7.165327975988154,6.561344145352583
3,1.0,3,200,False,False,0.16666666666666666,7257,3.236516692596453,5.0323518482451925,5.310000518342347,3.448209506224434
3,1.0,3,200,False,False,0.5,6649,3.252389051074755,3.5237806467046298,5.0533293242041815,3.9782382825347278
3,1.0,3,200,False,False,1.0,6384,1.7861940737348811,2.9709972409175043,2.5867745189351132,1.6807070311224799
3,1.0,3,200,False,False,3.0,6169,0.992763620649476,2.3782305231442686,1.3829914720583492,0.9618699803395435
3,1.0,3,200,True,False,0.016666666666666666,7904,2.392863893927755,4.531775672839315,7.336700528625244,6.8818415418139764
3,1.0,3,200,True,False,0.16666666666666666,7200,3.1800611850733462,5.095285103211073,5.210609191510247,3.378165296782845
3,1.0,3,200,True,False,0.5,6601,3.335731264844244,3.5987657581232355,5.202876981953858,4.551147086195728
3,1.0,3,200,True,False,1.0,6337,1.8466083730687552,3.086728899497012,2.677846758290766,1.7339630767070022
3,1.0,3,200,True,False,3.0,6127,0.9923622028902841,2.4920263514769823,1.3820842867716727,0.9531933583784458
3,1.0,3,200,False,True,0.016666666666666666,7953,2.3547879782719887,4.5520233311102025,7.148681525176372,6.546540093120378
3,1.0,3,200,False,True,0.16666666666666666,7245,3.213894195177373,5.055648347251089,5.269063206875213,3.4237603976921087
3,1.0,3,200,False,True,0.5,6640,3.212201612467521,3.569303174338685,4.985539449401211,3.4665634789224953
3,1.0,3,200,False,True,1.0,6375,1.7604455572977311,3.019306781105611,2.548228558389638,1.6578057858942752
3,1.0,3,200,False,True,3.0,6162,0.9630932816359699,2.4251844117669146,1.3415450458800011,0.9337495695901274
3,1.0,3,200,True,True,0.016666666666666666,7891,2.3875537766738706,4.538149694349813,7.32005804040472,6.866690944898815
3,1.0,3,200,True,True,0.16666666666666666,7188,3.1573336270377097,5.1186663789628115,5.169593787901231,3.353672759863191
3,1.0,3,200,True,True,0.5,6592,3.295234148750964,3.644446413754701,5.1340808203521915,3.907752637107824
3,1.0,3,200,True,True,1.0,6328,1.8206745150361587,3.1352173597661994,2.6389156346722364,1.7109621877379981
3,1.0,3,200,True,True,3.0,6120,0.9624758023990309,2.539193038507032,1.3403459354220042,0.9262389449644222
3,1.0,5,200,False,False,0.016666666666666666,7966,2.3601527078537914,4.545666524641676,7.165327975988154,6.561344145352583
3,1.0,5,200,False,False,0.16666666666666666,7140,3.5090009342749524,5.122016344886277,6.005894116911794,4.511908969553184
3,1.0,5,200,False,False,0.5,6287,3.1640934008929786,3.4327171043045897,4.928473530257427,3.397088347749874
3,1.0,5,200,False,False,1.0,5792,2.014724814822261,2.8401820067434573,2.932380857058987,1.8173206302729112
3,1.0,5,200,False,False,3.0,5335,1.2286963119308683,2.27106853202668,1.7181109049634073,1.022936678405566
3,1.0,5,200,True,False,0.016666666666666666,7904,2.392863893927755,4.531775672839315,7.336700528625244,6.8818415418139764
3,1.0,5,200,True,False,0.16666666666666666,7084,3.4420224174590808,5.165879076856966,5.884881529151471,4.410990275208494
3,1.0,5,200,True,False,0.5,6240,3.222265040382137,3.540674939986176,5.031697615348271,3.805393359725864
3,1.0,5,200,True,False,1.0,5753,2.0124327415110073,2.9679969921162095,2.928650211185822,1.7877273527750357
3,1.0,5,200,True,False,3.0,5301,1.2292754863457656,2.334417692884454,1.7196038208954527,1.0135486276219117
3,1.0,5,200,False,True,0.016666666666666666,7953,2.3547879782719887,4.5520233311102025,7.148681525176372,6.546540093120378
3,1.0,5,200,False,True,0.16666666666666666,7128,3.4863535895044344,5.145600909381593,5.96270777301786,4.482241535041832
3,1.0,5,200,False,True,0.5,6277,3.1237678471808312,3.4625989970943705,4.86039384496683,3.00264176520871
3,1.0,5,200,False,True,1.0,5784,1.9890418980897175,2.854322036562332,2.893571403562777,1.7955472957651333
3,1.0,5,200,False,True,3.0,5326,1.2053341990949207,2.282628587694926,1.6854246532529915,1.0051823677693885
3,1.0,5,200,True,True,0.016666666666666666,7891,2.3875537766738706,4.538149694349813,7.32005804040472,6.866690944898815
3,1.0,5,200,True,True,0.16666666666666666,7072,3.4192546399792643,5.189553698595506,5.841586782610175,4.381264162368422
3,1.0,5,200,True,True,0.5,6230,3.181652181496967,3.5706335231093873,4.962798936455554,3.325454359964247
3,1.0,5,200,True,True,1.0,5745,1.9865561787737847,2.982228529437085,2.8895436338044953,1.766104121359156
3,1.0,5,200,True,True,3.0,5292,1.2057546413779154,2.3460574212468526,1.68668165909642,0.9958417343802031
3,1.0,10,200,False,False,0.016666666666666666,7966,2.3601527078537914,4.545666524641676,7.165327975988154,6.561344145352583
3,1.0,10,200,False,False,0.16666666666666666,7123,3.5200559151533803,5.049796955900479,6.025339858644902,4.525305772595915
3,1.0,10,200,False,False,0.5,6159,3.2383315522569394,3.3755678560594213,5.053430830437455,3.479640770849035
3,1.0,10,200,False,False,1.0,5526,1.842420919210385,2.782743768857742,2.664833151925232,1.7210815594406617
3,1.0,10,200,False,False,3.0,4802,1.2716370650820454,2.4665727602289147,1.7808843068611808,1.0318512849033374
3,1.0,10,200,True,False,0.016666666666666666,7904,2.392863893927755,4.531775672839315,7.336700528625244,6.8818415418139764
3,1.0,10,200,True,False,0.16666666666666666,7068,3.453121899816698,5.096145240611347,5.90437735262875,4.4244135174016535
3,1.0,10,200,True,False,0.5,6114,3.3138239883597014,3.4796212857375237,5.189638602573799,3.912926815123196
3,1.0,10,200,True,False,1.0,5495,1.8511642399916919,2.9029337862258817,2.678256856385463,1.7011697706077964
3,1.0,10,200,True,False,3.0,4781,1.2539763226820995,2.6213711357832117,1.7560649705402789,1.0082341101860515
3,1.0,10,200,False,True,0.016666666666666666,7953,2.3547879782719887,4.5520233311102025,7.148681525176372,6.546540093120378
3,1.0,10,200,False,True,0.16666666666666666,7111,3.4974178555897897,5.073310957166904,5.982152714898415,4.495653143671238
3,1.0,10,200,False,True,0.5,6149,3.1981688302893643,3.4054414042750696,4.985382751112035,3.0766600162733777
3,1.0,10,200,False,True,1.0,5518,1.8166409830941284,2.774964656477256,2.6262469448817267,1.6983465487865081
3,1.0,10,200,False,True,3.0,4794,1.24841680205392,2.4713537055228856,1.7483444663539671,1.0147074262218603
3,1.0,10,200,True,True,0.016666666666666666,7891,2.3875537766738706,4.538149694349813,7.32005804040472,6.866690944898815
3,1.0,10,200,True,True,0.16666666666666666,7056,3.4303635343426335,5.119743840802693,5.861081800031593,4.394702319345
3,1.0,10,200,True,True,0.5,6104,3.2733612012198594,3.509568265354455,5.120634703378622,3.4207657793276263
3,1.0,10,200,True,True,1.0,5487,1.825184233940205,2.8958461153985326,2.6393423649951275,1.6786178420672957
3,1.0,10,200,True,True,3.0,4773,1.2305896726124144,2.626918157894937,1.7232935340063573,0.9910988888779221
3,1.5,1,200,False,False,0.016666666666666666,3626,1.6636978303622678,3.348484293485808,6.316912218884209,4.431344850316759
3,1.5,1,200,False,False,0.16666666666666666,4175,2.3373956948095316,3.165939676663669,3.9876859941846083,3.8983983820651518
3,1.5,1,200,False,False,0.5,4634,1.923372646487565,1.6570210547950126,3.0203074605796902,2.2782644735146
3,1.5,1,200,False,False,1.0,4921,1.5745017685464833,1.356915789807463,2.393679425524152,1.4629261249797876
3,1.5,1,200,False,False,3.0,5169,0.9851148728462895,1.188077342924094,1.4425631206060208,0.7913816570377006
3,1.5,1,200,True,False,0.016666666666666666,3598,1.6532691252866298,3.3658557977997483,6.283177729300923,4.402755936876383
3,1.5,1,200,True,False,0.16666666666666666,4139,2.3186994455734955,3.2116718569329974,3.9622929652081207,3.8574457160897806
3,1.5,1,200,True,False,0.5,4590,1.9243192194700975,1.770075061734014,3.02797125682339,2.272111691643193
3,1.5,1,200,True,False,1.0,4877,1.5804395409765464,1.4466948734355782,2.405920569324685,1.4647828486441627
3,1.5,1,200,True,False,3.0,5123,0.9861893289186103,1.2766226062931842,1.4458709883921022,0.79007585683163
3,1.5,1,200,False,True,0.016666666666666666,3618,1.6581436882892988,3.3394211142775942,6.295414910214835,4.416453054859091
3,1.5,1,200,False,True,0.16666666666666666,4169,2.3101065247009904,3.1786374390971566,3.93572938612819,3.8498096929310295
3,1.5,1,200,False,True,0.5,4628,1.8720331528382423,1.6596711373850839,2.932980833592075,2.21844676535024
3,1.5,1,200,False,True,1.0,4914,1.527513092644166,1.3548736841645024,2.3184125727618015,1.420306127863698
3,1.5,1,200,False,True,3.0,5161,0.9403418299232972,1.1741824016560864,1.3753044648248238,0.7561284163222498
3,1.5,1,200,True,True,0.016666666666666666,3590,1.647712749448628,3.3567786397066546,6.261654186007999,4.387861364276899
3,1.5,1,200,True,True,0.16666666666666666,4133,2.2913120037557433,3.2243789479511515,3.9100938575326905,3.808811363718112
3,1.5,1,200,True,True,0.5,4584,1.8728146916321795,1.7726991079068006,2.940141661121725,2.2122780164661924
3,1.5,1,200,True,True,1.0,4870,1.5333428344547875,1.44463806347413,2.33034914016359,1.422167936810015
3,1.5,1,200,True,True,3.0,5115,0.9412930589239027,1.2626627304913882,1.3783376425321572,0.7548185639414433
3,1.5,3,200,False,False,0.016666666666666666,3626,1.6636978303622678,3.348484293485808,6.316912218884209,4.431344850316759
3,1.5,3,200,False,False,0.16666666666666666,3329,2.3310457658356887,4.1141468870960844,3.8772820340161944,2.766144410547504
3,1.5,3,200,False,False,0.5,3149,2.1315719803655693,2.732165831310033,3.34718634409859,3.6716732734355673
3,1.5,3,200,False,False,1.0,3054,1.5626765028835894,2.3252130441624135,2.345508888754369,1.7314320693562961
3,1.5,3,200,False,False,3.0,2965,0.7576757412960363,2.21353144638519,1.0894745938961496,0.698308391714302
3,1.5,3,200,True,False,0.016666666666666666,3598,1.6532691252866298,3.3658557977997483,6.283177729300923,4.402755936876383
3,1.5,3,200,True,False,0.16666666666666666,3302,2.339668947363841,4.171931605106813,3.899631643200782,2.7682621694317766
3,1.5,3,200,True,False,0.5,3125,2.1980322862786084,2.8541836269566225,3.469763932510903,3.7721984255797305
3,1.5,3,200,True,False,1.0,3030,1.620607818550694,2.4233312781068728,2.4425515161476494,1.7846196303796011
3,1.5,3,200,True,False,3.0,2942,0.82004901914321,2.2978889685757165,1.1826982898159941,0.7505448306154066
3,1.5,3,200,False,True,0.016666666666666666,3618,1.6581436882892988,3.3394211142775942,6.295414910214835,4.416453054859091
3,1.5,3,200,False,True,0.16666666666666666,3322,2.303796971797523,4.126650333802168,3.826728837031041,2.731643137539688
3,1.5,3,200,False,True,0.5,3143,2.084002278633348,2.7281473342023057,3.2658951849436937,3.0417433394419926
3,1.5,3,200,False,True,1.0,3050,1.5203458975033792,2.3404665449559827,2.278939114729689,1.685934172405246
3,1.5,3,200,False,True,3.0,2961,0.7171415434344516,2.2256833648156773,1.030302062272202,0.6617851734692983
3,1.5,3,200,True,True,0.016666666666666666,3590,1.647712749448628,3.3567786397066546,6.261654186007999,4.387861364276899
3,1.5,3,200,True,True,0.16666666666666666,3295,2.3123621294419547,4.184453302558649,3.8488277869846588,2.7337632561682463
3,1.5,3,200,True,True,0.5,3119,2.150276376421795,2.8501104673836837,3.3874259373137114,3.1551314532629426
3,1.5,3,200,True,True,1.0,3026,1.578120969042512,2.438699025575245,2.375311507355724,1.7392644122951848
3,1.5,3,200,True,True,3.0,2938,0.7793605260882709,2.3101461248048376,1.123037589273222,0.7141964869325147
3,1.5,5,200,False,False,0.016666666666666666,3626,1.6636978303622678,3.348484293485808,6.316912218884209,4.431344850316759
3,1.5,5,200,False,False,0.16666666666666666,3288,2.2550003043393887,3.9079916096315785,3.7131646467722565,2.6685989540316553
3,1.5,5,200,False,False,0.5,3025,2.2890333202598288,2.582717476264692,3.6497025113354913,4.275849378259768
3,1.5,5,200,False,False,1.0,2874,1.6468720556470193,2.0425926379016377,2.4821289692538757,1.6390162539826216
3,1.5,5,200,False,False,3.0,2712,1.0145029865350506,1.9338894758520058,1.4714707571247732,0.9374357659190031
3,1.5,5,200,True,False,0.016666666666666666,3598,1.6532691252866298,3.3658557977997483,6.283177729300923,4.402755936876383
3,1.5,5,200,True,False,0.16666666666666666,3261,2.263398833254423,3.9415983851985135,3.7342869649999155,2.670713150444692
3,1.5,5,200,True,False,0.5,3002,2.3643202224973043,2.6780635526233234,3.7934808713318358,4.384679047930913
3,1.5,5,200,True,False,1.0,2853,1.7362715763320675,2.149373625183905,2.630360393686925,1.7144678011674792
3,1.5,5,200,True,False,3.0,2691,1.0467869222164168,2.0109287225234684,1.5205551130793116,0.9596359409944702
3,1.5,5,200,False,True,0.016666666666666666,3618,1.6581436882892988,3.3394211142775942,6.295414910214835,4.416453054859091
3,1.5,5,200,False,True,0.16666666666666666,3281,2.227655726093886,3.9203240238403207,3.663132847520744,2.6341556322770012
3,1.5,5,200,False,True,0.5,3020,2.2416512395602335,2.572904837647962,3.566847139161932,4.189440005242154
3,1.5,5,200,False,True,1.0,2870,1.605544184695899,2.0255265710780734,2.4167587901767926,1.5992397683990474
3,1.5,5,200,False,True,3.0,2710,0.9785615187946852,1.9161835352222798,1.4182284083730277,0.905259989573548
3,1.5,5,200,True,True,0.016666666666666666,3590,1.647712749448628,3.3567786397066546,6.261654186007999,4.387861364276899
3,1.5,5,200,True,True,0.16666666666666666,3254,2.2359953802345074,3.953969707241728,3.6840122197203167,2.6362721944746386
3,1.5,5,200,True,True,0.5,2997,2.3167395798161405,2.6681798359208764,3.7093961894204224,4.298537857530531
3,1.5,5,200,True,True,1.0,2849,1.69477740175612,2.1322903249701324,2.5641768165115515,1.6748910796612337
3,1.5,5,200,True,True,3.0,2689,1.010613736711245,1.993112620430574,1.46684326367824,0.9275267516645025
3,1.5,10,200,False,False,0.016666666666666666,3626,1.6636978303622678,3.348484293485808,6.316912218884209,4.431344850316759
3,1.5,10,200,False,False,0.16666666666666666,3278,2.2701318429789623,3.9729740335837613,3.738720716401028,2.6861614144830823
3,1.5,10,200,False,False,0.5,2967,2.3715374683542216,2.6084160187318957,3.79910714472393,4.5240369468336565
3,1.5,10,200,False,False,1.0,2772,1.6018452872740068,1.8423972781257631,2.3984053589195677,1.6300704285495535
3,1.5,10,200,False,False,3.0,2537,1.0574871601012859,1.5693960888857659,1.5296463523997959,0.9248546605824008
3,1.5,10,200,True,False,0.016666666666666666,3598,1.6532691252866298,3.3658557977997483,6.283177729300923,4.402755936876383
3,1.5,10,200,True,False,0.16666666666666666,3252,2.2785716878702633,4.010702674819769,3.7599673811345986,2.6882744061535337
3,1.5,10,200,True,False,0.5,2946,2.44701243136999,2.713842645165984,3.944985137306558,4.9297436623710595
3,1.5,10,200,True,False,1.0,2755,1.6898274065074967,1.938818222256548,2.542526217235064,1.7063534230155044
3,1.5,10,200,True,False,3.0,2526,1.0867751710785296,1.7076722541176268,1.5741693268295454,0.9432082912153378
3,1.5,10,200,False,True,0.016666666666666666,3618,1.6581436882892988,3.3394211142775942,6.295414910214835,4.416453054859091
3,1.5,10,200,False,True,0.16666666666666666,3271,2.2428117329455737,3.9852951592564847,3.6886886667433005,2.651737737560131
3,1.5,10,200,False,True,0.5,2962,2.324359077750686,2.5987246733879488,3.7159227200900675,4.436255659473609
3,1.5,10,200,False,True,1.0,2768,1.5609799181411597,1.7929594519379355,2.334334550571846,1.5898552407275108
3,1.5,10,200,False,True,3.0,2535,1.0222661787036698,1.5365081464952308,1.4775905498693747,0.895080709381122
3,1.5,10,200,True,True,0.016666666666666666,3590,1.647712749448628,3.3567786397066546,6.261654186007999,4.387861364276899
3,1.5,10,200,True,True,0.16666666666666666,3245,2.251192905616484,4.023056795713134,3.709692381783333,2.6538530916018015
3,1.5,10,200,True,True,0.5,2941,2.3996380980399628,2.7040807289976736,3.860558258420601,4.836659970613864
3,1.5,10,200,True,True,1.0,2751,1.6488012120777453,1.8901574044702711,2.4776895638508756,1.6663406985985767
3,1.5,10,200,True,True,3.0,2524,1.0513304097630143,1.6756173388890947,1.5216696273722963,0.9134889548134567
3,2.0,1,200,False,False,0.016666666666666666,1314,0.9930097365709836,1.2188900765311081,5.9005699110705745,3.993253655914832
3,2.0,1,200,False,False,0.16666666666666666,1503,1.7732909983486034,1.336822688236118,3.3072455160739147,1.9453619054060893
3,2.0,1,200,False,False,0.5,1617,1.4288141841239976,0.5625000100726303,2.333144572752744,1.4393212144175411
3,2.0,1,200,False,False,1.0,1690,1.118130387181836,0.33330687184450486,1.7557686425341978,1.3198518843525564
3,2.0,1,200,False,False,3.0,1754,0.8426391020594546,0.2926406934936077,1.2908164393740973,1.0255790881028148
3,2.0,1,200,True,False,0.016666666666666666,1306,0.9739524623231157,1.3297616649006576,5.785996429465821,3.916266458178373
3,2.0,1,200,True,False,0.16666666666666666,1492,1.6851015869386134,1.4118291245007848,3.134654192770602,1.8462728717179115
3,2.0,1,200,True,False,0.5,1604,1.3650715573954544,0.5961767704779992,2.225763295057171,1.3744192587620565
3,2.0,1,200,True,False,1.0,1677,1.0609993223589218,0.3612564486651913,1.6640898572923302,1.2522377273428609
3,2.0,1,200,True,False,3.0,1741,0.8060070090350433,0.3186484436951175,1.2354926936254094,0.9795694914325759
3,2.0,1,200,False,True,0.016666666666666666,1310,0.9858963624431921,1.2192100320057113,5.857808613155301,3.964454438651926
3,2.0,1,200,False,True,0.16666666666666666,1499,1.7361862376027717,1.336923273288689,3.229421190091957,1.9007069814561717
3,2.0,1,200,False,True,0.5,1612,1.3879967214022773,0.5625109353534994,2.2598559817641735,1.3952811149268436
3,2.0,1,200,False,True,1.0,1684,1.0805016758504897,0.34564671430449095,1.6927373402196084,1.2735329674934392
3,2.0,1,200,False,True,3.0,1748,0.807823315225015,0.3039729234172246,1.2351528191569374,0.9820617570265641
3,2.0,1,200,True,True,0.016666666666666666,1302,0.9668355423621076,1.3300855995243388,5.743232984996719,3.887459068615644
3,2.0,1,200,True,True,0.16666666666666666,1488,1.6476771096990555,1.4119307230301976,3.05682932308571,1.801502002387364
3,2.0,1,200,True,True,0.5,1599,1.324001911055471,0.5961877861897651,2.1524535655071335,1.3302706434588016
3,2.0,1,200,True,True,1.0,1671,1.0231870964730083,0.3737077971144,1.6010426948269854,1.2058040350941501
3,2.0,1,200,True,True,3.0,1735,0.7710364759937475,0.3300719900946721,1.1796515310556497,0.9359715686607548
3,2.0,3,200,False,False,0.016666666666666666,1314,0.9930097365709836,1.2188900765311081,5.9005699110705745,3.993253655914832
3,2.0,3,200,False,False,0.16666666666666666,1224,1.4180115893538199,2.018972280363225,2.47861782151233,1.5203236342983062
3,2.0,3,200,False,False,0.5,1188,1.2521542027774855,1.197711373833348,1.9971890461105317,1.1969035937636645
3,2.0,3,200,False,False,1.0,1164,1.2236411321067933,0.8767313723430661,1.917029282132109,1.368546067782201
3,2.0,3,200,False,False,3.0,1143,0.5229893514534661,0.5848410319660347,0.7789224563320855,0.5452724371132928
3,2.0,3,200,True,False,0.016666666666666666,1306,0.9739524623231157,1.3297616649006576,5.785996429465821,3.916266458178373
3,2.0,3,200,True,False,0.16666666666666666,1216,1.3702658281165319,2.148728294443631,2.3928010301770772,1.466341147788783
3,2.0,3,200,True,False,0.5,1181,1.211559360187189,1.2772820571729118,1.9314787363587251,1.156641419218997
3,2.0,3,200,True,False,1.0,1157,1.1766933888032696,0.8829981922460165,1.8425561693200108,1.3154057892114315
3,2.0,3,200,True,False,3.0,1136,0.46169561260639747,0.6052384061736394,0.6866516572482957,0.48098851862609804
3,2.0,3,200,False,True,0.016666666666666666,1310,0.9858963624431921,1.2192100320057113,5.857808613155301,3.964454438651926
3,2.0,3,200,False,True,0.16666666666666666,1220,1.3791113338078644,2.0190650790158013,2.4038696821426297,1.4753579939642094
3,2.0,3,200,False,True,0.5,1184,1.2137519037637527,1.1977205321564874,1.9308575157573407,1.1581121738377382
3,2.0,3,200,False,True,1.0,1160,1.1905342557638217,0.8894322241690147,1.8616677881430643,1.3301067569917522
3,2.0,3,200,False,True,3.0,1139,0.4973619735596729,0.5989735155662377,0.7400382400753411,0.518058817298733
3,2.0,3,200,True,True,0.016666666666666666,1302,0.9668355423621076,1.3300855995243388,5.743232984996719,3.887459068615644
3,2.0,3,200,True,True,0.16666666666666666,1212,1.331139032838453,2.1488219732028737,2.317930056154599,1.4213113272483722
3,2.0,3,200,True,True,0.5,1177,1.1729747555342662,1.2772912837024024,1.8650383753064348,1.1177835606395927
3,2.0,3,200,True,True,1.0,1153,1.1434470554844691,0.8957834407053725,1.7871303686646811,1.2768793109412675
3,2.0,3,200,True,True,3.0,1132,0.43589638481009446,0.6194522054655707,0.6476507291310051,0.45367553138382055
3,2.0,5,200,False,False,0.016666666666666666,1314,0.9930097365709836,1.2188900765311081,5.9005699110705745,3.993253655914832
3,2.0,5,200,False,False,0.16666666666666666,1210,1.3948316040195294,2.088713114695344,2.430765567152104,1.497254089763849
3,2.0,5,200,False,False,0.5,1155,1.3349127532733212,1.091512051616647,2.1504589273546335,1.2884917358154386
3,2.0,5,200,False,False,1.0,1128,1.3300493477248323,0.8435253543566854,2.095647652863669,1.7314036670178372
3,2.0,5,200,False,False,3.0,1093,0.7229847316792902,0.4816011660971881,1.0814142583023225,0.8119631467032082
3,2.0,5,200,True,False,0.016666666666666666,1306,0.9739524623231157,1.3297616649006576,5.785996429465821,3.916266458178373
3,2.0,5,200,True,False,0.16666666666666666,1202,1.3470644550502668,2.217122334885723,2.3451898940281537,1.4432386903036256
3,2.0,5,200,True,False,0.5,1149,1.317348665143038,1.1958617225952992,2.124765864117614,1.268102360768777
3,2.0,5,200,True,False,1.0,1123,1.3195335085477529,0.9475811116503285,2.0807521545640957,1.7144359679181058
3,2.0,5,200,True,False,3.0,1088,0.6651898366674,0.584378482875191,0.9932403950680698,0.7440155900104392
3,2.0,5,200,False,True,0.016666666666666666,1310,0.9858963624431921,1.2192100320057113,5.857808613155301,3.964454438651926
3,2.0,5,200,False,True,0.16666666666666666,1206,1.3558975795463775,2.0888046946325542,2.356307900086262,1.4522610390220203
3,2.0,5,200,False,True,0.5,1151,1.2971338324589063,1.091520652790706,2.084245900190942,1.2498508033923916
3,2.0,5,200,False,True,1.0,1124,1.2980463153172845,0.816662061192849,2.0416176332136318,1.6881289451150219
3,2.0,5,200,False,True,3.0,1089,0.6990297606471002,0.4579236232102999,1.044688673192401,0.7844478624028668
3,2.0,5,200,True,True,0.016666666666666666,1302,0.9668355423621076,1.3300855995243388,5.743232984996719,3.887459068615644
3,2.0,5,200,True,True,0.16666666666666666,1198,1.307903923492356,2.2172147606595933,2.2706108210875793,1.3981813601829027
3,2.0,5,200,True,True,0.5,1145,1.2794157219833606,1.1958703922506382,2.0582626531419717,1.2294280042733332
3,2.0,5,200,True,True,1.0,1119,1.287445227168652,0.9207911785219344,2.026557482873146,1.6711337346818598
3,2.0,5,200,True,True,3.0,1084,0.6410075496031119,0.5607516665099268,0.9563007230766092,0.7163974849066149
3,2.0,10,200,False,False,0.016666666666666666,1314,0.9930097365709836,1.2188900765311081,5.9005699110705745,3.993253655914832
3,2.0,10,200,False,False,0.16666666666666666,1207,1.3948316040195294,2.012578599042137,2.430765567152104,1.497254089763849
3,2.0,10,200,False,False,0.5,1147,1.396425535342047,1.1054321575761576,2.257547000741987,1.3572096048532925
3,2.0,10,200,False,False,1.0,1109,1.2472734714946383,0.9176750636352565,1.9403182263626124,1.6579702181331215
3,2.0,10,200,False,False,3.0,1061,0.602867803767986,0.6486452739990021,0.8950727640321692,0.64727466662982
3,2.0,10,200,True,False,0.016666666666666666,1306,0.9739524623231157,1.3297616649006576,5.785996429465821,3.916266458178373
3,2.0,10,200,True,False,0.16666666666666666,1199,1.3470644550502668,2.140555739362782,2.3451898940281537,1.4432386903036256
3,2.0,10,200,True,False,0.5,1141,1.3791642335583427,1.2019171601601164,2.2323982203749217,1.3368794635515484
3,2.0,10,200,True,False,1.0,1104,1.2367273217889203,1.0714383865393091,1.9252585929478534,1.6409557942737445
3,2.0,10,200,True,False,3.0,1056,0.5508178833270754,0.7837192863723862,0.8164696664755567,0.5889866714865801
3,2.0,10,200,False,True,0.016666666666666666,1310,0.9858963624431921,1.2192100320057113,5.857808613155301,3.964454438651926
3,2.0,10,200,False,True,0.16666666666666666,1203,1.3558975795463775,2.0126703411176066,2.356307900086262,1.4522610390220203
3,2.0,10,200,False,True,0.5,1143,1.3590902119841752,1.1054405284296422,2.1916546181204275,1.3186809955182794
3,2.0,10,200,False,True,1.0,1105,1.215704373253639,0.8353457975939208,1.8879998190775118,1.614576238407584
3,2.0,10,200,False,True,3.0,1057,0.5793389727620821,0.5819679558104613,0.8594331627071595,0.6215807508140414
3,2.0,10,200,True,True,0.016666666666666666,1302,0.9668355423621076,1.3300855995243388,5.743232984996719,3.887459068615644
3,2.0,10,200,True,True,0.16666666666666666,1195,1.307903923492356,2.140648331595559,2.2706108210875793,1.3981813601829027
3,2.0,10,200,True,True,0.5,1137,1.341679970462503,1.2019255976502012,2.166219867494676,1.2983176756591395
3,2.0,10,200,True,True,1.0,1100,1.2050766227443848,0.9921767732412683,1.872790733816587,1.5975341108300067
3,2.0,10,200,True,True,3.0,1052,0.5270793572592773,0.7188539530069655,0.7806311851188995,0.5632037169773761
3,1.0,1,500,False,False,0.016666666666666666,7771,2.192921247952898,4.696214235944576,5.141179147740596,2.504749011389459
3,1.0,1,500,False,False,0.16666666666666666,9054,3.4080115216150406,4.528590964005109,5.698548398147645,4.837584216812884
3,1.0,1,500,False,False,0.5,10362,2.690692282385347,2.990811608656455,4.040124110634478,3.34131159960299
3,1.0,1,500,False,False,1.0,11097,1.6492285648343983,2.1481125832180905,2.3509237810647106,1.8598641276299825
3,1.0,1,500,False,False,3.0,11805,0.7649498748229201,1.932215056352199,1.041048200961275,0.636703214864002
3,1.0,1,500,True,False,0.016666666666666666,7708,2.2022777874900203,4.6621264556110145,5.1789659978223135,2.535697476757197
3,1.0,1,500,True,False,0.16666666666666666,8979,3.445891484550428,4.521336741405754,5.783727238641274,4.865061984505671
3,1.0,1,500,True,False,0.5,10272,2.762933075490632,3.03839335166546,4.1609385132827645,3.581826822023838
3,1.0,1,500,True,False,1.0,11004,1.712169141493699,2.195989117902099,2.4444601669129704,1.9162665078566876
3,1.0,1,500,True,False,3.0,11707,0.8211268296434402,1.9649106732129051,1.1184547494170758,0.6887607090631336
3,1.0,1,500,False,True,0.016666666666666666,7759,2.187785130012754,4.702009539770522,5.128918681454962,2.4989336782754386
3,1.0,1,500,False,True,0.16666666666666666,9043,3.385283118421619,4.565605955467966,5.656348104258237,4.804743920812024
3,1.0,1,500,False,True,0.5,10352,2.6492101370180463,3.0348604488150506,3.9735460217853236,2.8755671772113196
3,1.0,1,500,False,True,1.0,11082,1.6195339486214513,2.174777291608284,2.307267736749115,1.8049257558812732
3,1.0,1,500,False,True,3.0,11786,0.721394137234082,1.9769639561558012,0.9808184320273438,0.5493769724493545
3,1.0,1,500,True,True,0.016666666666666666,7696,2.1971339343905485,4.667939705274111,5.166647939931741,2.5298263043972633
3,1.0,1,500,True,True,0.16666666666666666,8968,3.4230899987862995,4.558471753377856,5.741154648733842,4.832252257796006
3,1.0,1,500,True,True,0.5,10262,2.7212021621163056,3.082621269750241,4.09359527930913,3.0629782029239534
3,1.0,1,500,True,True,1.0,10989,1.6823444789329647,2.2227589914046253,2.400483480615654,1.884442768506197
3,1.0,1,500,True,True,3.0,11688,0.7774208575723743,2.00983607317977,1.0578857255914969,0.6420817886343484
3,1.0,3,500,False,False,0.016666666666666666,7771,2.192921247952898,4.696214235944576,5.141179147740596,2.504749011389459
3,1.0,3,500,False,False,0.16666666666666666,7079,3.3383193884088995,4.879441395609499,5.491704968436397,3.4783057030636884
3,1.0,3,500,False,False,0.5,6504,3.3244208880705552,3.244252425506532,5.1104673678947625,4.202245186089303
3,1.0,3,500,False,False,1.0,6239,1.967756831711201,2.7061625266824336,2.838681095954256,1.7519675849170595
3,1.0,3,500,False,False,3.0,6035,1.0940567027348094,2.1694256404218866,1.521680240133256,0.9013021692064279
3,1.0,3,500,True,False,0.016666666666666666,7708,2.2022777874900203,4.6621264556110145,5.1789659978223135,2.535697476757197
3,1.0,3,500,True,False,0.16666666666666666,7025,3.3073380567454125,4.912070461035571,5.434078756811604,3.4293785244083015
3,1.0,3,500,True,False,0.5,6455,3.439737163938155,3.3520830042326413,5.310760914522174,5.371149174754044
3,1.0,3,500,True,False,1.0,6193,2.0211767966388687,2.8096968727022866,2.9180999188403662,1.78618779193177
3,1.0,3,500,True,False,3.0,5993,1.0875044275727344,2.2537731842897903,1.5117379605339083,0.8928490456582523
3,1.0,3,500,False,True,0.016666666666666666,7759,2.187785130012754,4.702009539770522,5.128918681454962,2.4989336782754386
3,1.0,3,500,False,True,0.16666666666666666,7067,3.3154774238669567,4.919868165829469,5.450062797797485,3.454081803489346
3,1.0,3,500,False,True,0.5,6494,3.2828546130249965,3.294568677396561,5.040755180340878,4.1536721101555445
3,1.0,3,500,False,True,1.0,6230,1.9415386712052554,2.753499632854165,2.7993698878179076,1.7298970398046958
3,1.0,3,500,False,True,3.0,6027,1.0589530056264451,2.2155022501189694,1.4723574889006785,0.8740045845275225
3,1.0,3,500,True,True,0.016666666666666666,7696,2.1971339343905485,4.667939705274111,5.166647939931741,2.5298263043972633
3,1.0,3,500,True,True,0.16666666666666666,7013,3.2843507033828487,4.952668378013495,5.3922367124487955,3.4050997603995388
3,1.0,3,500,True,True,0.5,6445,3.397824199324483,3.4025388610256613,5.2398568812923925,4.97911594482636
3,1.0,3,500,True,True,1.0,6184,1.9947608366826464,2.8572040551925832,2.8784041726301446,1.7641228195823782
3,1.0,3,500,True,True,3.0,5985,1.0521518221698856,2.300074610233168,1.4620926507428442,0.8654318521365064
3,1.0,5,500,False,False,0.016666666666666666,7771,2.192921247952898,4.696214235944576,5.141179147740596,2.504749011389459
3,1.0,5,500,False,False,0.16666666666666666,6972,3.369042388013849,5.0429788332359715,5.537879396426243,3.5161490216429274
3,1.0,5,500,False,False,0.5,6160,3.068458613088808,3.0011684095086038,4.689988111580276,4.162489258276878
3,1.0,5,500,False,False,1.0,5673,2.14949963404152,2.4227806338603335,3.1162303172987325,2.033196020587985
3,1.0,5,500,False,False,3.0,5224,1.3013265668499159,1.9445690890427643,1.8175146141172294,1.0889286105317426
3,1.0,5,500,True,False,0.016666666666666666,7708,2.2022777874900203,4.6621264556110145,5.1789659978223135,2.535697476757197
3,1.0,5,500,True,False,0.16666666666666666,6919,3.3272584454117244,5.056377940728095,5.462659865522461,3.4556731598270014
3,1.0,5,500,True,False,0.5,6112,3.165912877001751,3.1168581498399224,4.852251086265906,4.6745688682046005
3,1.0,5,500,True,False,1.0,5634,2.1614786421200196,2.5140870058882077,3.132544960889554,1.81505662334231
3,1.0,5,500,True,False,3.0,5188,1.3030323111086348,1.97880971112316,1.820239037651504,1.086834797785945
3,1.0,5,500,False,True,0.016666666666666666,7759,2.187785130012754,4.702009539770522,5.128918681454962,2.4989336782754386
3,1.0,5,500,False,True,0.16666666666666666,6960,3.346274374204531,5.083865606243357,5.496376533193771,3.491967427489028
3,1.0,5,500,False,True,0.5,6150,3.027133611436333,3.0532920511737176,4.621610261564848,3.891419802983813
3,1.0,5,500,False,True,1.0,5665,2.1235159703739686,2.464778493410317,3.0769447870753965,2.0100686347452115
3,1.0,5,500,False,True,3.0,5216,1.2625206626251408,1.9809042552016687,1.7625572657971402,1.058662627961544
3,1.0,5,500,True,True,0.016666666666666666,7696,2.1971339343905485,4.667939705274111,5.166647939931741,2.5298263043972633
3,1.0,5,500,True,True,0.16666666666666666,6907,3.30433179578327,5.097451360524618,5.4209442140950355,3.4314239049080784
3,1.0,5,500,True,True,0.5,6102,3.1242819023673123,3.1691583050546193,4.782939894511411,4.453008506159674
3,1.0,5,500,True,True,1.0,5626,2.1353103936554114,2.5562941548538,3.0929718820338876,1.7943676857203177
3,1.0,5,500,True,True,3.0,5180,1.2639735861347552,2.015348000165265,1.7649069958490409,1.0564597141626029
3,1.0,10,500,False,False,0.016666666666666666,7771,2.192921247952898,4.696214235944576,5.141179147740596,2.504749011389459
3,1.0,10,500,False,False,0.16666666666666666,6954,3.3801207032327834,4.904232723908558,5.556574881358311,3.52706852031165
3,1.0,10,500,False,False,0.5,6032,3.134441127033065,2.9490562655979495,4.801036171501133,4.257438600936703
3,1.0,10,500,False,False,1.0,5410,2.0813577127525007,2.487036817926345,3.008486563479243,1.964880299992775
3,1.0,10,500,False,False,3.0,4709,1.3645595249950784,2.151824840374162,1.9067316961438399,1.0605311191040163
3,1.0,10,500,True,False,0.016666666666666666,7708,2.2022777874900203,4.6621264556110145,5.1789659978223135,2.535697476757197
3,1.0,10,500,True,False,0.16666666666666666,6902,3.3384084579835758,4.919960655859788,5.481451732629327,3.466623173568045
3,1.0,10,500,True,False,0.5,5986,3.2483677858681226,3.0609635577399152,4.994495022464472,4.920696505481617
3,1.0,10,500,True,False,1.0,5378,2.1045775603536305,2.5373637685213684,3.0425782469096117,1.8153995284249749
3,1.0,10,500,True,False,3.0,4687,1.3434391578277027,2.2360863890909073,1.8764575259661704,1.041208470614536
3,1.0,10,500,False,True,0.016666666666666666,7759,2.187785130012754,4.702009539770522,5.128918681454962,2.4989336782754386
3,1.0,10,500,False,True,0.16666666666666666,6942,3.357362057684715,4.94513997906963,5.515071307280403,3.5028991121359323
3,1.0,10,500,False,True,0.5,6022,3.0932877053216314,3.0011633307674295,4.732689457107899,3.9815346605976694
3,1.0,10,500,False,True,1.0,5402,2.0553177193505388,2.50635436796003,2.969285359071807,1.941710032333964
3,1.0,10,500,False,True,3.0,4700,1.3260407078880094,2.175863752747502,1.8521235464859847,1.0327278910419655
3,1.0,10,500,True,True,0.016666666666666666,7696,2.1971339343905485,4.667939705274111,5.166647939931741,2.5298263043972633
3,1.0,10,500,True,True,0.16666666666666666,6890,3.315491371849252,4.961045891898871,5.439735359303157,3.4423861910746654
3,1.0,10,500,True,True,0.5,5976,3.2068941017011534,3.1132391838723006,4.925075176639592,4.572177223134408
3,1.0,10,500,True,True,1.0,5370,2.0783454245228365,2.557100218054007,3.003049696420471,1.794064944334981
3,1.0,10,500,True,True,3.0,4679,1.3046446020944313,2.260602186835724,1.8214880735938423,1.0132421425585816
3,1.5,1,500,False,False,0.016666666666666666,3464,1.4398078799481842,3.8956116974131136,5.150588646913802,3.9684700336743277
3,1.5,1,500,False,False,0.16666666666666666,4004,2.018541551546106,3.2931486077164935,3.292581312794687,2.907319925099633
3,1.5,1,500,False,False,0.5,4402,1.6520775145257705,2.0870240496223835,2.526708980371401,2.228982160545413
3,1.5,1,500,False,False,1.0,4662,1.1871847853516104,1.7985167981186723,1.7521220797607668,1.017131607857868
3,1.5,1,500,False,False,3.0,4896,0.7275238188258727,1.63222849619776,1.0480106869322983,0.6441941878056457
3,1.5,1,500,True,False,0.016666666666666666,3440,1.4356032049831249,3.880000376029442,5.141268181607159,3.955752338914183
3,1.5,1,500,True,False,0.16666666666666666,3974,2.0152297506025283,3.3222015426588265,3.292373999244111,2.8940074145355323
3,1.5,1,500,True,False,0.5,4368,1.6649930511235977,2.1739503542014216,2.5517183652664603,2.2379691823938166
3,1.5,1,500,True,False,1.0,4627,1.2153091650199412,1.8604494996028456,1.7970294851990267,1.037141923143086
3,1.5,1,500,True,False,3.0,4858,0.7564924956374839,1.6946196043066182,1.0917803865866293,0.6667625928134874
3,1.5,1,500,False,True,0.016666666666666666,3459,1.4333088084058185,3.900448926608349,5.126964626454907,3.9504699219924855
3,1.5,1,500,False,True,0.16666666666666666,4000,1.9898597816427372,3.3066183031091203,3.2410207089856784,2.8634679257309257
3,1.5,1,500,False,True,0.5,4398,1.59846809892451,2.090698381402614,2.438790958580845,2.1574783116568064
3,1.5,1,500,False,True,1.0,4658,1.1386377249978237,1.8004410877492907,1.6775500063533968,0.9762204793256354
3,1.5,1,500,False,True,3.0,4889,0.6798567181898185,1.6260796975941,0.9777505647607465,0.6023823139823845
3,1.5,1,500,True,True,0.016666666666666666,3435,1.4291017467243445,3.884842814149046,5.117610166510102,3.9377508343907017
3,1.5,1,500,True,True,0.16666666666666666,3970,1.9864625225945418,3.3356813150328524,3.2405702728775494,2.850140207990519
3,1.5,1,500,True,True,0.5,4364,1.6112087356420763,2.1776091754012445,2.463245768556247,2.1664891375651645
3,1.5,1,500,True,True,1.0,4623,1.1666281878502691,1.8623843871862915,1.7220205106441495,0.9962869121545574
3,1.5,1,500,True,True,3.0,4851,0.7086804861004197,1.6884543968186099,1.0210974517433928,0.6250252747182279
3,1.5,3,500,False,False,0.016666666666666666,3464,1.4398078799481842,3.8956116974131136,5.150588646913802,3.9684700336743277
3,1.5,3,500,False,False,0.16666666666666666,3191,1.9544815361536474,3.7593180001725197,3.215163330347832,2.5820615718637874
3,1.5,3,500,False,False,0.5,3022,1.5831625504936977,2.5977244686134413,2.4010834999105097,2.0245023910596887
3,1.5,3,500,False,False,1.0,2925,1.2909137910419277,2.486351788697177,1.8835737713048193,1.356705188480423
3,1.5,3,500,False,False,3.0,2838,0.5833983867193269,2.3057229160642,0.8303393106479212,0.5392507155438951
3,1.5,3,500,True,False,0.016666666666666666,3440,1.4356032049831249,3.880000376029442,5.141268181607159,3.955752338914183
3,1.5,3,500,True,False,0.16666666666666666,3169,1.979764899942182,3.7733785199495826,3.2642771731442215,2.606163853837122
3,1.5,3,500,True,False,0.5,3003,1.6509405944467057,2.658350641411428,2.5157824294235542,2.118109077391758
3,1.5,3,500,True,False,1.0,2906,1.338047823815961,2.5112065915789135,1.9599737789486908,1.3958835199508206
3,1.5,3,500,True,False,3.0,2819,0.5981699269022339,2.3435188022878317,0.8529411366606934,0.5491646162361171
3,1.5,3,500,False,True,0.016666666666666666,3459,1.4333088084058185,3.900448926608349,5.126964626454907,3.9504699219924855
3,1.5,3,500,False,True,0.16666666666666666,3186,1.9264217423274226,3.7804416013327535,3.1645944378152033,2.5429388628653253
3,1.5,3,500,False,True,0.5,3018,1.5334238093518548,2.6064062371201433,2.3207398855508625,1.636680406656616
3,1.5,3,500,False,True,1.0,2922,1.2475791477739595,2.5071410306344495,1.8178260155324948,1.3122250283878696
3,1.5,3,500,False,True,3.0,2835,0.5421398807112944,2.325294969706537,0.7708194032712753,0.5015404320538589
3,1.5,3,500,True,True,0.016666666666666666,3435,1.4291017467243445,3.884842814149046,5.117610166510102,3.9377508343907017
3,1.5,3,500,True,True,0.16666666666666666,3164,1.951658867043396,3.7945236746247426,3.2134290001895294,2.567068668670923
3,1.5,3,500,True,True,0.5,2999,1.6009565073155914,2.6670370928522416,2.4343735547907204,1.7112012372172138
3,1.5,3,500,True,True,1.0,2903,1.294477805159275,2.5320853167016995,1.8934858180677032,1.3515102464425288
3,1.5,3,500,True,True,3.0,2816,0.5566648155216303,2.3632058341709983,0.7929269960687861,0.5114878203370629
3,1.5,5,500,False,False,0.016666666666666666,3464,1.4398078799481842,3.8956116974131136,5.150588646913802,3.9684700336743277
3,1.5,5,500,False,False,0.16666666666666666,3149,1.8808830456979686,3.4945398804109558,3.0625326112813935,2.4882526145925317
3,1.5,5,500,False,False,0.5,2891,1.7291172303980546,2.567874517099722,2.6518556200526056,2.220399486351337
3,1.5,5,500,False,False,1.0,2742,1.5384548231903725,2.2030629440516183,2.274082424854245,1.6059672175551496
3,1.5,5,500,False,False,3.0,2585,1.1436517528448946,2.122027548783344,1.6575593655466423,1.3443923799960373
3,1.5,5,500,True,False,0.016666666666666666,3440,1.4356032049831249,3.880000376029442,5.141268181607159,3.955752338914183
3,1.5,5,500,True,False,0.16666666666666666,3127,1.905930725254688,3.4846577826440233,3.110135899128696,2.5124209742654813
3,1.5,5,500,True,False,0.5,2872,1.810745365430831,2.626896194847745,2.792756528118842,2.331103898382255
3,1.5,5,500,True,False,1.0,2724,1.6199051813025322,2.2552411719215177,2.4068185460650033,1.6755770273379098
3,1.5,5,500,True,False,3.0,2568,1.1461404685038572,2.150565737196773,1.6633101156230243,1.3424360735614898
3,1.5,5,500,False,True,0.016666666666666666,3459,1.4333088084058185,3.900448926608349,5.126964626454907,3.9504699219924855
3,1.5,5,500,False,True,0.16666666666666666,3144,1.8527208994825888,3.5154527605101933,3.0124779994153963,2.4490224964682086
3,1.5,5,500,False,True,0.5,2887,1.6798924948403857,2.5793152926996212,2.5709465436439443,1.8004568982141125
3,1.5,5,500,False,True,1.0,2739,1.49607527467298,2.198171995178838,2.208457595191987,1.5629894883921323
3,1.5,5,500,False,True,3.0,2582,1.1046809006632086,2.1032158844953823,1.5995682080613722,1.239134253149123
3,1.5,5,500,True,True,0.016666666666666666,3435,1.4291017467243445,3.884842814149046,5.117610166510102,3.9377508343907017
3,1.5,5,500,True,True,0.16666666666666666,3122,1.8777213825368078,3.5056314396208634,3.0598104867223763,2.4732185715208437
3,1.5,5,500,True,True,0.5,2868,1.7612683989957905,2.638365403923674,2.7106232030674438,1.8889446721566598
3,1.5,5,500,True,True,1.0,2721,1.577282483806954,2.250363884865185,2.340270118216037,1.6327840615779128
3,1.5,5,500,True,True,3.0,2565,1.1068937957579263,2.1316293644479916,1.6048179151331616,1.2579542282061755
3,1.5,10,500,False,False,0.016666666666666666,3464,1.4398078799481842,3.8956116974131136,5.150588646913802,3.9684700336743277
3,1.5,10,500,False,False,0.16666666666666666,3140,1.9002668061615584,3.587657074860338,3.09471280431263,2.5134357788834234
3,1.5,10,500,False,False,0.5,2840,1.753600913267156,2.503201753501519,2.6951384945903083,2.2520266786394747
3,1.5,10,500,False,False,1.0,2652,1.4784992065295979,2.0434086926547876,2.1755241157486704,1.5635509818441589
3,1.5,10,500,False,False,3.0,2426,1.091927485987529,1.883925883556485,1.5749593821949326,1.3538829442907019
3,1.5,10,500,True,False,0.016666666666666666,3440,1.4356032049831249,3.880000376029442,5.141268181607159,3.955752338914183
3,1.5,10,500,True,False,0.16666666666666666,3119,1.925370701717678,3.5821036831434463,3.142490572622188,2.537586372695272
3,1.5,10,500,True,False,0.5,2822,1.8353222239443387,2.5579827487369617,2.836821675983046,2.362969679660316
3,1.5,10,500,True,False,1.0,2636,1.558463690711301,2.079180189371601,2.3044794119968404,1.6333431363137965
3,1.5,10,500,True,False,3.0,2413,1.1158259784935942,1.9823000045567154,1.611818907407546,1.3772918941843673
3,1.5,10,500,False,True,0.016666666666666666,3459,1.4333088084058185,3.900448926608349,5.126964626454907,3.9504699219924855
3,1.5,10,500,False,True,0.16666666666666666,3135,1.8721363917007625,3.6085224472072936,3.044657922076756,2.474234539222932
3,1.5,10,500,False,True,0.5,2836,1.7044327093838303,2.5145705787783297,2.614059692427841,1.8269092390605237
3,1.5,10,500,False,True,1.0,2649,1.4365673905009602,2.005468259439215,2.111053586601603,1.5204600681395237
3,1.5,10,500,False,True,3.0,2423,1.0534728899366952,1.840945627426664,1.5181053044877069,1.1966613299417161
3,1.5,10,500,True,True,0.016666666666666666,3435,1.4291017467243445,3.884842814149046,5.117610166510102,3.9377508343907017
3,1.5,10,500,True,True,0.16666666666666666,3114,1.897193364423858,3.603018940449969,3.092164885434015,2.498412796835324
3,1.5,10,500,True,True,0.5,2818,1.7859026909638034,2.569383106047185,2.75451129040185,1.9155472639021436
3,1.5,10,500,True,True,1.0,2633,1.5162963262677973,2.041526162112673,2.239133225083169,1.5904382159276775
3,1.5,10,500,True,True,3.0,2410,1.077110415755599,1.9398334256178837,1.5544506115565735,1.2382707503305097
3,2.0,1,500,False,False,0.016666666666666666,1272,1.5213502682868716,1.4306365835332295,3.1665609788792053,1.3206784102200697
3,2.0,1,500,False,False,0.16666666666666666,1437,2.0945851296155698,1.5946708643368914,3.5820715561610545,2.1518124785363053
3,2.0,1,500,False,False,0.5,1560,1.5773021408540993,0.7509376432557905,2.4290599621194717,1.7197852340878077
3,2.0,1,500,False,False,1.0,1631,1.3151271945087373,0.41543243264413976,1.991976664139677,1.6145415880451086
3,2.0,1,500,False,False,3.0,1698,0.9535951415688623,0.07649689398410314,1.4138417907945344,0.9502257622519638
3,2.0,1,500,True,False,0.016666666666666666,1265,1.4811047684966858,1.5464359754955095,3.0786652896370343,1.2837372275699694
3,2.0,1,500,True,False,0.16666666666666666,1428,2.0012106927940048,1.7002387584071115,3.4101912044460034,2.0481611216174422
3,2.0,1,500,True,False,0.5,1549,1.5365224697941813,0.8220552009817336,2.3661244642841095,1.6694527853720371
3,2.0,1,500,True,False,1.0,1620,1.2792108145555725,0.4797411784786082,1.937323581559301,1.5667978081061096
3,2.0,1,500,True,False,3.0,1687,0.9381533303226838,0.13558904369009236,1.3932103276786294,0.9315281735050925
3,2.0,1,500,False,True,0.016666666666666666,1269,1.50355462849995,1.4306365835332295,3.1273686886492227,1.3103681883150282
3,2.0,1,500,False,True,0.16666666666666666,1434,2.049392655938091,1.5946708643368914,3.4888184732594807,2.1015600613078127
3,2.0,1,500,False,True,0.5,1556,1.5292099864514734,0.7509376432557905,2.3447103764540254,1.6614643078698361
3,2.0,1,500,False,True,1.0,1626,1.2724524269265558,0.4279071393048331,1.9212704179397377,1.5585226741053029
3,2.0,1,500,False,True,3.0,1693,0.9146392435751353,0.08824102382084681,1.3527795378144596,0.9098123868050552
3,2.0,1,500,True,True,0.016666666666666666,1262,1.4632528129022788,1.5464359754955095,3.0394582852828296,1.2732535183593459
3,2.0,1,500,True,True,0.16666666666666666,1425,1.9554125589783866,1.7002387584071115,3.3168136932232515,1.9975626959735502
3,2.0,1,500,True,True,0.5,1545,1.4880735771939078,0.8220552009817336,2.2814200587847067,1.6110471106904356
3,2.0,1,500,True,True,1.0,1615,1.2363026165529771,0.49235052810242913,1.866408294341041,1.5106979782824173
3,2.0,1,500,True,True,3.0,1682,0.8990112538801049,0.14744548378504177,1.3318035120371865,0.8910820683534539
3,2.0,3,500,False,False,0.016666666666666666,1272,1.5213502682868716,1.4306365835332295,3.1665609788792053,1.3206784102200697
3,2.0,3,500,False,False,0.16666666666666666,1180,1.8552524423780803,2.21510400492214,2.9747478675367014,1.8185488400069725
3,2.0,3,500,False,False,0.5,1142,1.5528089182602691,1.89622277553433,2.370709120597973,1.6388232299009267
3,2.0,3,500,False,False,1.0,1111,1.4545349256872964,1.3154714667843346,2.2142985309944176,1.5333744260483186
3,2.0,3,500,False,False,3.0,1085,0.7867602848904188,1.0183408332988224,1.149678059596135,0.7000420754091231
3,2.0,3,500,True,False,0.016666666666666666,1265,1.4811047684966858,1.5464359754955095,3.0786652896370343,1.2837372275699694
3,2.0,3,500,True,False,0.16666666666666666,1173,1.8194667474325061,2.3608970797003646,2.9142869522120014,1.7776551858849432
3,2.0,3,500,True,False,0.5,1136,1.5399292001242437,1.9945463222274404,2.352916311207845,1.619528700215875
3,2.0,3,500,True,False,1.0,1106,1.4561702002168821,1.36484227502523,2.2183284481457237,1.531246677362078
3,2.0,3,500,True,False,3.0,1080,0.7516291887959599,1.0725609810002432,1.0971583284345314,0.6677937843686358
3,2.0,3,500,False,True,0.016666666666666666,1269,1.50355462849995,1.4306365835332295,3.1273686886492227,1.3103681883150282
3,2.0,3,500,False,True,0.16666666666666666,1177,1.8130670682947498,2.21510400492214,2.8965048258776975,1.7750309592136644
3,2.0,3,500,False,True,0.5,1139,1.5113944871341647,1.89622277553433,2.29996204892449,1.5912266308645886
3,2.0,3,500,False,True,1.0,1108,1.4190689974010657,1.3289234235793521,2.155463088769403,1.493836362539681
3,2.0,3,500,False,True,3.0,1082,0.7556571660706655,1.033402477969353,1.1025253337014613,0.6758809177954135
3,2.0,3,500,True,True,0.016666666666666666,1262,1.4632528129022788,1.5464359754955095,3.0394582852828296,1.2732535183593459
3,2.0,3,500,True,True,0.16666666666666666,1170,1.7770148261956233,2.3608970797003646,2.835829700990953,1.734013756986978
3,2.0,3,500,True,True,0.5,1133,1.4983314434935575,1.9945463222274404,2.2818396486108914,1.57190055825725
3,2.0,3,500,True,True,1.0,1103,1.420625313853339,1.3783860575594327,2.1593016382758945,1.4917051554755276
3,2.0,3,500,True,True,3.0,1077,0.7203584571617238,1.0877062669216222,1.0498787500710272,0.6433533012575609
3,2.0,5,500,False,False,0.016666666666666666,1272,1.5213502682868716,1.4306365835332295,3.1665609788792053,1.3206784102200697
3,2.0,5,500,False,False,0.16666666666666666,1172,1.8571604688189642,2.123043336150226,2.9699990968463807,1.8346318128759769
3,2.0,5,500,False,False,0.5,1113,1.5898379426963682,1.9961280966073076,2.4336656244846306,1.7983080310700332
3,2.0,5,500,False,False,1.0,1080,1.7333043233097545,1.3564748991819333,2.6753004816284935,2.106716822111412
3,2.0,5,500,False,False,3.0,1047,1.1421510543296132,1.042771535900285,1.6862684579491147,1.2806247616992104
3,2.0,5,500,True,False,0.016666666666666666,1265,1.4811047684966858,1.5464359754955095,3.0786652896370343,1.2837372275699694
3,2.0,5,500,True,False,0.16666666666666666,1165,1.821612507658425,2.263160185583362,2.9100816976468673,1.7937547026220386
3,2.0,5,500,True,False,0.5,1108,1.6023950858118812,2.1154587382085377,2.458973588033908,1.8034697400676596
3,2.0,5,500,True,False,1.0,1075,1.7564572829693699,1.4351804971816242,2.716272965015854,2.1270135284888405
3,2.0,5,500,True,False,3.0,1042,1.1012406265775194,1.1324765108296508,1.6233512675651751,1.2274062110132382
3,2.0,5,500,False,True,0.016666666666666666,1269,1.50355462849995,1.4306365835332295,3.1273686886492227,1.3103681883150282
3,2.0,5,500,False,True,0.16666666666666666,1169,1.8152656644306377,2.123043336150226,2.8925815623877487,1.7911625011986128
3,2.0,5,500,False,True,0.5,1110,1.5495976828079165,1.9961280966073076,2.3647812590431947,1.7488421098934863
3,2.0,5,500,False,True,1.0,1077,1.699886298252891,1.331387547320492,2.6183704484939194,2.063522951149335
3,2.0,5,500,False,True,3.0,1044,1.1137564027875042,1.0201414948989505,1.6421792891054274,1.2480626295046726
3,2.0,5,500,True,True,0.016666666666666666,1262,1.4632528129022788,1.5464359754955095,3.0394582852828296,1.2732535183593459
3,2.0,5,500,True,True,0.16666666666666666,1162,1.7794570203469653,2.263160185583362,2.8324566803320814,1.7501619227457004
3,2.0,5,500,True,True,0.5,1105,1.5620188333579308,2.1154587382085377,2.3895784535695204,1.7540122137251477
3,2.0,5,500,True,True,1.0,1072,1.7229881457936678,1.4101790608081268,2.6590456933194924,2.083851877143019
3,2.0,5,500,True,True,3.0,1039,1.0725891514394725,1.1099288127954423,1.5789997881479874,1.1947558377176497
3,2.0,10,500,False,False,0.016666666666666666,1272,1.5213502682868716,1.4306365835332295,3.1665609788792053,1.3206784102200697
3,2.0,10,500,False,False,0.16666666666666666,1169,1.8571604688189642,2.071891982363099,2.9699990968463807,1.8346318128759769
3,2.0,10,500,False,False,0.5,1099,1.6202712373790666,2.035645961474911,2.4875453560049463,1.8463380777270562
3,2.0,10,500,False,False,1.0,1054,1.657265456045893,1.2872590330218523,2.5350118776344117,2.0622990989227934
3,2.0,10,500,False,False,3.0,1009,1.018133968517875,1.1438290455794529,1.4931291371254,1.178329167924525
3,2.0,10,500,True,False,0.016666666666666666,1265,1.4811047684966858,1.5464359754955095,3.0786652896370343,1.2837372275699694
3,2.0,10,500,True,False,0.16666666666666666,1162,1.821612507658425,2.2114023434177015,2.9100816976468673,1.7937547026220386
3,2.0,10,500,True,False,0.5,1094,1.6328086152359027,2.147787755182585,2.5130190019391785,1.851491655521868
3,2.0,10,500,True,False,1.0,1049,1.679528789256797,1.4177851287013012,2.5735765308201097,2.082628938964947
3,2.0,10,500,True,False,3.0,1005,0.9826288143575418,1.3163044165104978,1.4389213839180974,1.1307704848163587
3,2.0,10,500,False,True,0.016666666666666666,1269,1.50355462849995,1.4306365835332295,3.1273686886492227,1.3103681883150282
3,2.0,10,500,False,True,0.16666666666666666,1166,1.8152656644306377,2.071891982363099,2.8925815623877487,1.7911625011986128
3,2.0,10,500,False,True,0.5,1096,1.5804135207786874,2.035645961474911,2.41902306349382,1.796950186776583
3,2.0,10,500,False,True,1.0,1051,1.6243726916945953,1.2120824146370084,2.479854645232859,2.0190345892075388
3,2.0,10,500,False,True,3.0,1006,0.9903424258783853,1.083346214401666,1.4505627562794716,1.1455970953662284
3,2.0,10,500,True,True,0.016666666666666666,1262,1.4632528129022788,1.5464359754955095,3.0394582852828296,1.2732535183593459
3,2.0,10,500,True,True,0.16666666666666666,1159,1.7794570203469653,2.2114023434177015,2.8324566803320814,1.7501619227457004
3,2.0,10,500,True,True,0.5,1091,1.592818998767322,2.147787755182585,2.4439940110943392,1.8021121259346027
3,2.0,10,500,True,True,1.0,1046,1.6465861412515337,1.3452731983076591,2.5181491018507227,2.0393967823146175
3,2.0,10,500,True,True,3.0,1002,0.9546046540956391,1.258579751579619,1.3961175354473823,1.0979589414058555
5,1.0,1,200,False,False,0.016666666666666666,7576,3.1197522726301017,4.973384503214878,7.027361758075632,3.361449829564492
5,1.0,1,200,False,False,0.16666666666666666,9011,3.782723799401812,4.824378498108684,6.640546675331016,5.503653739812679
5,1.0,1,200,False,False,0.5,10558,3.327144882065352,3.3417531969074,5.32062914980332,5.224595541953642
5,1.0,1,200,False,False,1.0,11474,2.454515575891898,2.5271172091543015,3.7331185343664064,3.586339847831728
5,1.0,1,200,False,False,3.0,12322,1.7686251397378359,2.3592106792723406,2.6212947070587562,1.6357754058452671
5,1.0,1,200,True,False,0.016666666666666666,7522,2.9789840158492558,5.05541903249895,6.6503273887579235,3.2017375281957436
5,1.0,1,200,True,False,0.16666666666666666,8940,3.6706082291621183,4.888852156610916,6.395613546339873,5.319634883705142
5,1.0,1,200,True,False,0.5,10471,3.374052712138584,3.3639944956932673,5.416158105959164,5.506661739064078
5,1.0,1,200,True,False,1.0,11376,2.495733589342863,2.5513506371440045,3.8045512568385016,3.869075766296917
5,1.0,1,200,True,False,3.0,12217,1.7896470228660857,2.378753650100204,2.6558891742538675,1.7183547143478384
5,1.0,1,200,False,True,0.016666666666666666,7565,3.1106060753921194,4.951849476802174,7.006165573225538,3.35159473705637
5,1.0,1,200,False,True,0.16666666666666666,9002,3.755904777962607,4.812969018394443,6.588454155775072,5.464465036120516
5,1.0,1,200,False,True,0.5,10549,3.2773402571966184,3.3362211722775372,5.233776389381513,4.8097879040356775
5,1.0,1,200,False,True,1.0,11458,2.4274033543800457,2.532699558464289,3.6896819478232343,3.5441954728725222
5,1.0,1,200,False,True,3.0,12308,1.7365589040372877,2.368318956154477,2.5722638000537996,1.6252494703993954
5,1.0,1,200,True,True,0.016666666666666666,7511,2.969794479706227,5.033863303548197,6.629244980017718,3.191858352784963
5,1.0,1,200,True,True,0.16666666666666666,8931,3.6435361497188667,4.877475539200936,6.343545004689767,5.280204468517025
5,1.0,1,200,True,True,0.5,10462,3.3239912932482563,3.358463008575409,5.328342755072706,4.845108080112333
5,1.0,1,200,True,True,1.0,11360,2.4685644461304044,2.5569963690457636,3.7608871768115204,3.824123512016096
5,1.0,1,200,True,True,3.0,12203,1.7574076201679991,2.3879342497013623,2.606500083252297,1.70829494106522
5,1.0,3,200,False,False,0.016666666666666666,7576,3.1197522726301017,4.973384503214878,7.027361758075632,3.361449829564492
5,1.0,3,200,False,False,0.16666666666666666,6858,4.098265003390001,5.109820741148155,7.299429063494359,5.798837295192236
5,1.0,3,200,False,False,0.5,6229,3.3646094026331967,3.701980386487901,5.291420508773817,5.309890852988551
5,1.0,3,200,False,False,1.0,5930,2.5984839897977317,2.753313766264365,3.962566413605636,2.520913926696184
5,1.0,3,200,False,False,3.0,5772,1.6233984236148138,2.4220407645113164,2.3805207923800236,1.4589131755492355
5,1.0,3,200,True,False,0.016666666666666666,7522,2.9789840158492558,5.05541903249895,6.6503273887579235,3.2017375281957436
5,1.0,3,200,True,False,0.16666666666666666,6813,3.9259001340880357,5.1765795957907486,6.896611876737231,5.529078141896248
5,1.0,3,200,True,False,0.5,6193,3.3801497229378175,3.6743787231992187,5.326051547048402,5.303021886397683
5,1.0,3,200,True,False,1.0,5896,2.5640652522959395,2.811156499668496,3.9060952425394686,2.4703361041212264
5,1.0,3,200,True,False,3.0,5735,1.593115626855352,2.4501060660225136,2.334548174335127,1.423858195983575
5,1.0,3,200,False,True,0.016666666666666666,7565,3.1106060753921194,4.951849476802174,7.006165573225538,3.35159473705637
5,1.0,3,200,False,True,0.16666666666666666,6850,4.070809975328536,5.117316924909704,7.24460864070605,5.759471124104068
5,1.0,3,200,False,True,0.5,6221,3.3119340934733046,3.6462598009979104,5.2009623604990525,5.0727667988463505
5,1.0,3,200,False,True,1.0,5921,2.582107531381337,2.717894994645376,3.93560767953751,2.501806291123054
5,1.0,3,200,False,True,3.0,5762,1.5755237721239466,2.3813094780616297,2.309451417774822,1.419333222903444
5,1.0,3,200,True,True,0.016666666666666666,7511,2.969794479706227,5.033863303548197,6.629244980017718,3.191858352784963
5,1.0,3,200,True,True,0.16666666666666666,6805,3.8980847690956937,5.185521500333242,6.842047815911393,5.489360962400565
5,1.0,3,200,True,True,0.5,6185,3.327179245684103,3.6183405714631562,5.23481033679234,5.0660857645475
5,1.0,3,200,True,True,1.0,5887,2.5475149973516182,2.775908628687748,3.8788752012388303,2.451148856591467
5,1.0,3,200,True,True,3.0,5725,1.5448762954748936,2.4093421739455656,2.262996041843412,1.3841185993354173
5,1.0,5,200,False,False,0.016666666666666666,7576,3.1197522726301017,4.973384503214878,7.027361758075632,3.361449829564492
5,1.0,5,200,False,False,0.16666666666666666,6710,3.9871224732271675,5.203206552316601,7.084856671730331,5.6922731842385526
5,1.0,5,200,False,False,0.5,5712,3.2670192951675343,3.891531799761876,5.139794667818471,5.051694663607994
5,1.0,5,200,False,False,1.0,5110,2.592585750347195,2.8354488515172616,3.9759307380933904,2.714014193264834
5,1.0,5,200,False,False,3.0,4493,1.8924530405239208,2.4811730328640245,2.8030944611593145,1.932654510723272
5,1.0,5,200,True,False,0.016666666666666666,7522,2.9789840158492558,5.05541903249895,6.6503273887579235,3.2017375281957436
5,1.0,5,200,True,False,0.16666666666666666,6667,3.8279220205178524,5.227177784965243,6.715500228432718,5.437784412827772
5,1.0,5,200,True,False,0.5,5679,3.3164042034625068,3.8315917436313494,5.233851247952904,5.094577524001703
5,1.0,5,200,True,False,1.0,5086,2.6088222553186036,2.8512297715830024,4.002047727689175,2.6993874017486843
5,1.0,5,200,True,False,3.0,4471,1.8472137072775596,2.472745229571191,2.732321690849591,1.8763074691357915
5,1.0,5,200,False,True,0.016666666666666666,7565,3.1106060753921194,4.951849476802174,7.006165573225538,3.35159473705637
5,1.0,5,200,False,True,0.16666666666666666,6702,3.959755760576176,5.203100023213692,7.030560448064195,5.652768922796709
5,1.0,5,200,False,True,0.5,5703,3.214411052206722,3.927760603767212,5.04966340110768,4.9755893054768014
5,1.0,5,200,False,True,1.0,5102,2.5762218218364965,2.869049611327876,3.948925024740681,2.6934434997683527
5,1.0,5,200,False,True,3.0,4484,1.8411573468593028,2.502511032985423,2.7256211198601106,1.885466654375056
5,1.0,5,200,True,True,0.016666666666666666,7511,2.969794479706227,5.033863303548197,6.629244980017718,3.191858352784963
5,1.0,5,200,True,True,0.16666666666666666,6659,3.80020475759104,5.2279227596467175,6.6613988991553414,5.3979473560643045
5,1.0,5,200,True,True,0.5,5670,3.2635472704828676,3.86801944926231,5.14282479424203,5.018610708620648
5,1.0,5,200,True,True,1.0,5078,2.592360087279931,2.8851135982164724,3.97482701250408,2.6787937387366076
5,1.0,5,200,True,True,3.0,4462,1.795494922662888,2.494257858967829,2.654345534112264,1.7784896623337427
5,1.0,10,200,False,False,0.016666666666666666,7576,3.1197522726301017,4.973384503214878,7.027361758075632,3.361449829564492
5,1.0,10,200,False,False,0.16666666666666666,6686,4.0493906649266505,5.130406529989563,7.266742726108004,5.749262125711521
5,1.0,10,200,False,False,0.5,5574,3.2671699351064456,3.8390984322345454,5.1406390860448035,5.045861124434818
5,1.0,10,200,False,False,1.0,4798,2.4819981165256597,3.019577891264862,3.77865500953785,2.087427835995701
5,1.0,10,200,False,False,3.0,3868,2.097226958371235,2.626977919042624,3.1267511599652353,2.426701301524247
5,1.0,10,200,True,False,0.016666666666666666,7522,2.9789840158492558,5.05541903249895,6.6503273887579235,3.2017375281957436
5,1.0,10,200,True,False,0.16666666666666666,6643,3.890216480717164,5.174222923978053,6.8911011980429056,5.495252269692585
5,1.0,10,200,True,False,0.5,5544,3.3089360320878405,3.8093777691195894,5.2222848800835155,5.077768717342169
5,1.0,10,200,True,False,1.0,4779,2.5090611729799144,3.0384524944699725,3.82194255098542,2.0865004458401373
5,1.0,10,200,True,False,3.0,3859,2.045636664936828,2.7218861342784684,3.0457554275422356,2.3556968585114935
5,1.0,10,200,False,True,0.016666666666666666,7565,3.1106060753921194,4.951849476802174,7.006165573225538,3.35159473705637
5,1.0,10,200,False,True,0.16666666666666666,6678,4.021960505986931,5.129247468922813,7.211649227127404,5.709831805127419
5,1.0,10,200,False,True,0.5,5566,3.2144946013314435,3.87139621120009,5.050370540529417,4.969736889806422
5,1.0,10,200,False,True,1.0,4792,2.4654331257771087,3.0077939302540053,3.7515408997200796,2.0708907697815926
5,1.0,10,200,False,True,3.0,3864,2.046521203085442,2.6431542669373016,3.049500471577072,2.374417108676974
5,1.0,10,200,True,True,0.016666666666666666,7511,2.969794479706227,5.033863303548197,6.629244980017718,3.191858352784963
5,1.0,10,200,True,True,0.16666666666666666,6635,3.862432853621453,5.174216151571104,6.836211264939376,5.455490738163937
5,1.0,10,200,True,True,0.5,5536,3.2560017460461683,3.8418787183598373,5.131127168336757,5.001747643440999
5,1.0,10,200,True,True,1.0,4773,2.492425452876082,3.0268511256964916,3.794647801731743,2.0699619076405744
5,1.0,10,200,True,True,3.0,3855,1.994528495276536,2.7387845879644495,2.9680285559720563,2.3030875590394113
5,1.5,1,200,False,False,0.016666666666666666,3437,1.8630644644250705,3.782160820485778,8.317285355741069,7.448928703366512
5,1.5,1,200,False,False,0.16666666666666666,4067,2.008850740886514,3.5965522739516382,3.434975739442209,1.6802148566857784
5,1.5,1,200,False,False,0.5,4640,1.7338238821961665,2.4406695622634436,2.730650768415731,1.3426746579527993
5,1.5,1,200,False,False,1.0,4971,1.1464757539186268,2.0083027346721654,1.7154670989297607,0.8416310551174896
5,1.5,1,200,False,False,3.0,5283,0.6551260943511804,1.806390167669507,0.9428715402481419,0.38658457310951133
5,1.5,1,200,True,False,0.016666666666666666,3411,1.742700732943646,3.816852786926502,7.6219867337850395,6.823084614632335
5,1.5,1,200,True,False,0.16666666666666666,4036,1.900929134431711,3.660695680148545,3.2344079151444096,1.5436255498423925
5,1.5,1,200,True,False,0.5,4601,1.7022164157631485,2.431705692612676,2.677944750843198,1.3241132442493493
5,1.5,1,200,True,False,1.0,4931,1.1172114776017728,1.9977049975889212,1.669982222469359,0.8162430914751244
5,1.5,1,200,True,False,3.0,5241,0.6237122164196391,1.7952112146754478,0.8970249042944455,0.366628937270336
5,1.5,1,200,False,True,0.016666666666666666,3432,1.8563320404702743,3.7517743479619527,8.286653620337269,7.421922916068265
5,1.5,1,200,False,True,0.16666666666666666,4063,1.9809528506491967,3.562373633700928,3.382833501929347,1.6545691987380982
5,1.5,1,200,False,True,0.5,4636,1.7041540356706075,2.4051718142279688,2.680132333606382,1.271362097541497
5,1.5,1,200,False,True,1.0,4967,1.123211807911305,1.9919788387914894,1.6793285226457766,0.8240526996480009
5,1.5,1,200,False,True,3.0,5279,0.6211042753947448,1.7841941092941367,0.8930976625787275,0.36669834872639223
5,1.5,1,200,True,True,0.016666666666666666,3406,1.7358108195114288,3.7862965044375443,7.591298247761624,6.796005807514377
5,1.5,1,200,True,True,0.16666666666666666,4032,1.872655393808614,3.626477647206951,3.1820445232119923,1.4573134008475528
5,1.5,1,200,True,True,0.5,4597,1.6723089883512796,2.396040541899389,2.6271248441635358,1.2215602741106344
5,1.5,1,200,True,True,1.0,4927,1.0937795920359978,1.9813103303399207,1.6336465655555024,0.798627320640827
5,1.5,1,200,True,True,3.0,5237,0.5894943517887158,1.7729283437744352,0.8470374791345417,0.3466930477699657
5,1.5,3,200,False,False,0.016666666666666666,3437,1.8630644644250705,3.782160820485778,8.317285355741069,7.448928703366512
5,1.5,3,200,False,False,0.16666666666666666,3099,2.2713417079057256,3.2796275324459425,3.939221688108185,2.352781360996389
5,1.5,3,200,False,False,0.5,2896,2.2875804929327725,2.5961405304283,3.6898651586813513,2.12633999224209
5,1.5,3,200,False,False,1.0,2788,1.5488197225895777,1.9555977247032212,2.3392498570484896,0.921468224741566
5,1.5,3,200,False,False,3.0,2719,1.0533116145513002,1.3109856065794734,1.5479358085289008,0.6617588936640902
5,1.5,3,200,True,False,0.016666666666666666,3411,1.742700732943646,3.816852786926502,7.6219867337850395,6.823084614632335
5,1.5,3,200,True,False,0.16666666666666666,3075,2.1592720068374436,3.3592423127463213,3.722241167888774,2.220116807824085
5,1.5,3,200,True,False,0.5,2876,2.171471705028111,2.572293463357797,3.479717583748211,2.0006061684967307
5,1.5,3,200,True,False,1.0,2770,1.429682562346969,1.9424400544935556,2.14691339813243,0.8441359429023011
5,1.5,3,200,True,False,3.0,2701,0.9171020515145644,1.348437355819123,1.3412595198828856,0.5745876755017151
5,1.5,3,200,False,True,0.016666666666666666,3432,1.8563320404702743,3.7517743479619527,8.286653620337269,7.421922916068265
5,1.5,3,200,False,True,0.16666666666666666,3095,2.24273709960594,3.2576437074627287,3.884074514392792,2.3191697969975937
5,1.5,3,200,False,True,0.5,2893,2.258737110362759,2.4962518149130566,3.6385051438101086,2.098470148298452
5,1.5,3,200,False,True,1.0,2786,1.522867209761737,1.8268085134381482,2.2978797595325435,0.9059552918180849
5,1.5,3,200,False,True,3.0,2718,1.0111824433420162,1.1881063811405248,1.4848137683904639,0.6359791023129934
5,1.5,3,200,True,True,0.016666666666666666,3406,1.7358108195114288,3.7862965044375443,7.591298247761624,6.796005807514377
5,1.5,3,200,True,True,0.16666666666666666,3071,2.1302531047667896,3.3402545677593456,3.666880343536542,2.1864693306426752
5,1.5,3,200,True,True,0.5,2873,2.142145329158843,2.471840192107023,3.4280469298626577,1.9725364563789403
5,1.5,3,200,True,True,1.0,2768,1.4033216682092524,1.8130796125520285,2.1052872098334525,0.8284927594229036
5,1.5,3,200,True,True,3.0,2700,0.8745401536851897,1.2252640069438956,1.2779550943547373,0.548521285191552
5,1.5,5,200,False,False,0.016666666666666666,3437,1.8630644644250705,3.782160820485778,8.317285355741069,7.448928703366512
5,1.5,5,200,False,False,0.16666666666666666,3038,2.0968428469919296,3.212375749417844,3.522509618954835,2.2223243912728687
5,1.5,5,200,False,False,0.5,2662,2.2823968435242463,3.0029522688198105,3.6876992632248045,2.2401584227739963
5,1.5,5,200,False,False,1.0,2445,1.6179125629017963,2.3831265680292995,2.479863257158993,1.394875603486617
5,1.5,5,200,False,False,3.0,2204,1.17587552048881,1.2163399637108827,1.7468687788046622,0.7020651252477513
5,1.5,5,200,True,False,0.016666666666666666,3411,1.742700732943646,3.816852786926502,7.6219867337850395,6.823084614632335
5,1.5,5,200,True,False,0.16666666666666666,3015,1.9605692343676007,3.258791937900619,3.269970236834019,1.9245114039310656
5,1.5,5,200,True,False,0.5,2643,2.1898576685549695,2.928211898498233,3.521897172647019,2.1296404423073216
5,1.5,5,200,True,False,1.0,2431,1.5520862383521081,2.3381020091497264,2.372399313372644,1.3243087901129849
5,1.5,5,200,True,False,3.0,2191,1.0746823370064404,1.1464831764784262,1.5921374057347708,0.6387229386655925
5,1.5,5,200,False,True,0.016666666666666666,3432,1.8563320404702743,3.7517743479619527,8.286653620337269,7.421922916068265
5,1.5,5,200,False,True,0.16666666666666666,3034,2.0685176613424034,3.1733144539396796,3.4701735940337537,2.188677520972041
5,1.5,5,200,False,True,0.5,2659,2.2538281240273577,3.0028918133384725,3.63681226307311,2.211063856899331
5,1.5,5,200,False,True,1.0,2443,1.592730456950881,2.372742839916804,2.4390920713586945,1.3731198926947774
5,1.5,5,200,False,True,3.0,2204,1.1477104921294952,1.195679140114709,1.7038639926811052,0.6857505976581961
5,1.5,5,200,True,True,0.016666666666666666,3406,1.7358108195114288,3.7862965044375443,7.591298247761624,6.796005807514377
5,1.5,5,200,True,True,0.16666666666666666,3011,1.9318289921563114,3.2215354040585407,3.2175463221333023,1.893235877885498
5,1.5,5,200,True,True,0.5,2640,2.160849542790085,2.9281511194826253,3.4706160125464716,2.1003706142358936
5,1.5,5,200,True,True,1.0,2429,1.5265299011998728,2.327628185817945,2.3312020483979987,1.3024357814597518
5,1.5,5,200,True,True,3.0,2191,1.0462203829462042,1.1256187333524912,1.5488953775864693,0.6222643782229809
5,1.5,10,200,False,False,0.016666666666666666,3437,1.8630644644250705,3.782160820485778,8.317285355741069,7.448928703366512
5,1.5,10,200,False,False,0.16666666666666666,3028,2.082123027319527,3.265775481879061,3.4956362210046885,2.208112217362478
5,1.5,10,200,False,False,0.5,2607,2.317277840239695,3.153989166825985,3.7527138142999585,2.25899000276765
5,1.5,10,200,False,False,1.0,2349,1.6322672305992938,2.1730236251422808,2.4787470019457207,1.2657692070315396
5,1.5,10,200,False,False,3.0,2038,1.269977493631527,1.3026987171954194,1.8774856116532377,0.6882181784124979
5,1.5,10,200,True,False,0.016666666666666666,3411,1.742700732943646,3.816852786926502,7.6219867337850395,6.823084614632335
5,1.5,10,200,True,False,0.16666666666666666,3005,1.9457627741374686,3.3390031159835525,3.2432932574672324,1.911193993354358
5,1.5,10,200,True,False,0.5,2589,2.2233922632553025,3.104514102850842,3.5832885642886425,2.1505440941073304
5,1.5,10,200,True,False,1.0,2337,1.5712215374705136,2.1899725388043216,2.3792303695247643,1.2060313981895237
5,1.5,10,200,True,False,3.0,2030,1.2059243919710472,1.4531798330040504,1.7811645954542479,0.6508188542599498
5,1.5,10,200,False,True,0.016666666666666666,3432,1.8563320404702743,3.7517743479619527,8.286653620337269,7.421922916068265
5,1.5,10,200,False,True,0.16666666666666666,3024,2.0537871620561785,3.228447310717436,3.4433512597385203,2.1744614345192623
5,1.5,10,200,False,True,0.5,2604,2.288593504084903,3.153929864098279,3.7013886804818767,2.2299251401221354
5,1.5,10,200,False,True,1.0,2347,1.6073217681366148,2.1322804776232047,2.4387334454892398,1.2464026097128988
5,1.5,10,200,False,True,3.0,2038,1.2396520014738817,1.2616701237467332,1.8314456539934076,0.6723530186115594
5,1.5,10,200,True,True,0.016666666666666666,3406,1.7358108195114288,3.7862965044375443,7.591298247761624,6.796005807514377
5,1.5,10,200,True,True,0.16666666666666666,3001,1.9170117000221127,3.304382735915306,3.1909206638604233,1.8799138634642554
5,1.5,10,200,True,True,0.5,2586,2.1943020967233466,3.104454453268118,3.531651205820345,2.1213075394009966
5,1.5,10,200,True,True,1.0,2335,1.5459171743207376,2.1492943199251853,2.338814281220492,1.1865658063645972
5,1.5,10,200,True,True,3.0,2030,1.175358863497399,1.4131198724541074,1.7348581400550438,0.6348614592967504
5,2.0,1,200,False,False,0.016666666666666666,1299,0.03375538443424531,1.7614949736071552,0.04654428564845914,0.020516556181719017
5,2.0,1,200,False,False,0.16666666666666666,1534,0.9167607628663572,1.620336324037028,1.4078715251566523,1.0002717109551822
5,2.0,1,200,False,False,0.5,1706,0.49079953339540117,0.7957000861340302,0.7100557038217976,0.4469860585093975
5,2.0,1,200,False,False,1.0,1810,0.23998613857638115,0.5634418370023242,0.33785555668761025,0.21315398816495768
5,2.0,1,200,False,False,3.0,1901,-0.40330269914005956,0.622525764038162,-0.5390883380584263,-0.23070749176920793
5,2.0,1,200,True,False,0.016666666666666666,1292,0.05250709015005107,1.744080616490657,0.07245425874600525,0.031853827878374666
5,2.0,1,200,True,False,0.16666666666666666,1525,0.9361600153703281,1.6040409428387203,1.4432569402359219,1.014754601988474
5,2.0,1,200,True,False,0.5,1693,0.5094063283984269,0.7724904257595104,0.7369114962375184,0.49579532762595724
5,2.0,1,200,True,False,1.0,1796,0.26367769192440504,0.5431011184886266,0.3713121933889197,0.23185164316346205
5,2.0,1,200,True,False,3.0,1887,-0.36949246205005554,0.603299014758967,-0.49424925516081436,-0.22284051360780407
5,2.0,1,200,False,True,0.016666666666666666,1296,0.03574161261459437,1.7623040833412575,0.049283162037095624,0.021799500456111332
5,2.0,1,200,False,True,0.16666666666666666,1532,0.9174445063954584,1.6204392600474677,1.408922094724762,1.00100919173164
5,2.0,1,200,False,True,0.5,1703,0.49166559168922686,0.7948339652016528,0.7113091964488406,0.4477678976268131
5,2.0,1,200,False,True,1.0,1806,0.2493599136968228,0.5769915442138047,0.35130506866177197,0.22127817277509057
5,2.0,1,200,False,True,3.0,1897,-0.3914025207946226,0.6311939362839287,-0.5234431250243125,-0.2262031516093088
5,2.0,1,200,True,True,0.016666666666666666,1289,0.05449701867797911,1.7448897659655835,0.07520034364729125,0.03317625856423119
5,2.0,1,200,True,True,0.16666666666666666,1523,0.9368481698986237,1.604144235280553,1.4443184240176616,1.0154918527680072
5,2.0,1,200,True,True,0.5,1690,0.5102821106886208,0.771620825049765,0.7381789788254446,0.4966400417959299
5,2.0,1,200,True,True,1.0,1792,0.273162034281843,0.5566811287516851,0.3849510281035628,0.23996925046577025
5,2.0,1,200,True,True,3.0,1883,-0.35746950234623226,0.6119797639261909,-0.4784107936255942,-0.21796199313587422
5,2.0,3,200,False,False,0.016666666666666666,1299,0.03375538443424531,1.7614949736071552,0.04654428564845914,0.020516556181719017
5,2.0,3,200,False,False,0.16666666666666666,1189,1.0071714821584774,2.0190676502002685,1.5640336083314876,1.1011954661780696
5,2.0,3,200,False,False,0.5,1121,0.9572925321919701,1.757322307240575,1.4633404108282375,1.1657920455532431
5,2.0,3,200,False,False,1.0,1104,0.5046478648841702,1.508845334536311,0.7204823008410441,0.4532722266747122
5,2.0,3,200,False,False,3.0,1085,-0.14859433323376606,1.0349050503695707,-0.2028413502197825,-0.07931908506871314
5,2.0,3,200,True,False,0.016666666666666666,1292,0.05250709015005107,1.744080616490657,0.07245425874600525,0.031853827878374666
5,2.0,3,200,True,False,0.16666666666666666,1184,1.0397773645422033,1.9988179910865302,1.617727647678661,1.1335953743260327
5,2.0,3,200,True,False,0.5,1115,0.9496446833343294,1.7156760889936236,1.4474828973959768,1.1401172737026029
5,2.0,3,200,True,False,1.0,1097,0.5101320853462425,1.5044303063476865,0.7265642770661267,0.4530581165293599
5,2.0,3,200,True,False,3.0,1079,-0.16994704706747318,1.088137201625354,-0.23138975824113736,-0.09012399443942196
5,2.0,3,200,False,True,0.016666666666666666,1296,0.03574161261459437,1.7623040833412575,0.049283162037095624,0.021799500456111332
5,2.0,3,200,False,True,0.16666666666666666,1187,1.0077939600121295,2.0191619172322826,1.565000740136871,1.1018667663898933
5,2.0,3,200,False,True,0.5,1119,0.9581143288212403,1.7573315753127017,1.464597738351963,1.1667751693951145
5,2.0,3,200,False,True,1.0,1102,0.5128936599460316,1.5223845662902629,0.7326739616429014,0.4603443673206393
5,2.0,3,200,False,True,3.0,1084,-0.14615393271450783,1.059351726743176,-0.199577358256136,-0.07797355428613803
5,2.0,3,200,True,True,0.016666666666666666,1289,0.05449701867797911,1.7448897659655835,0.07520034364729125,0.03317625856423119
5,2.0,3,200,True,True,0.16666666666666666,1182,1.0404014083438915,1.9989123122357042,1.618699065031173,1.1342661636323328
5,2.0,3,200,True,True,0.5,1113,0.9504785851313047,1.7156853698253525,1.4487550828111782,1.1411011212717712
5,2.0,3,200,True,True,1.0,1095,0.5184778825290781,1.5180031889700276,0.7388792539666713,0.4601303307587038
5,2.0,3,200,True,True,3.0,1078,-0.16750014016647086,1.1127091186876072,-0.2281352778213593,-0.08877697340232321
5,2.0,5,200,False,False,0.016666666666666666,1299,0.03375538443424531,1.7614949736071552,0.04654428564845914,0.020516556181719017
5,2.0,5,200,False,False,0.16666666666666666,1158,1.09498898461797,2.195152110762601,1.7071747201258793,1.2058034882069038
5,2.0,5,200,False,False,0.5,1037,1.1970612400915124,1.8513706237377097,1.8305547360470076,1.5859732127779897
5,2.0,5,200,False,False,1.0,997,0.8969794998082002,1.2305771748154508,1.2994877756052325,0.9813740435430903
5,2.0,5,200,False,False,3.0,920,0.349135267667652,0.8969724904880326,0.49466735090163744,0.2796910804092749
5,2.0,5,200,True,False,0.016666666666666666,1292,0.05250709015005107,1.744080616490657,0.07245425874600525,0.031853827878374666
5,2.0,5,200,True,False,0.16666666666666666,1153,1.1275153568646852,2.1751378630840517,1.7612214451788473,1.238123930950784
5,2.0,5,200,True,False,0.5,1033,1.183970599840921,1.8060377630495839,1.805460215646994,1.5485546850579373
5,2.0,5,200,True,False,1.0,994,0.91372541293955,1.2182598434239746,1.3212402500618645,0.9891578317122615
5,2.0,5,200,True,False,3.0,918,0.31340218186681584,0.8758939325961923,0.44308213515416744,0.249789570121285
5,2.0,5,200,False,True,0.016666666666666666,1296,0.03574161261459437,1.7623040833412575,0.049283162037095624,0.021799500456111332
5,2.0,5,200,False,True,0.16666666666666666,1156,1.0956063126897586,2.1952457186683434,1.7081376939829562,1.2064731410220728
5,2.0,5,200,False,True,0.5,1035,1.1978520244059438,1.8513794602467057,1.8317652022745967,1.586997178650137
5,2.0,5,200,False,True,1.0,995,0.9050972701472101,1.2378281208218462,1.311981574390985,0.9895816125919563
5,2.0,5,200,False,True,3.0,919,0.35369891532449305,0.9106043134553742,0.5012960787276431,0.28321226148922235
5,2.0,5,200,True,True,0.016666666666666666,1289,0.05449701867797911,1.7448897659655835,0.07520034364729125,0.03317625856423119
5,2.0,5,200,True,True,0.16666666666666666,1151,1.1281342134850143,2.175231523875998,1.7621886492889811,1.2387930760258348
5,2.0,5,200,True,True,0.5,1031,1.1847720441185468,1.8060466337247896,1.8066835566503514,1.549579690243886
5,2.0,5,200,True,True,1.0,992,0.9219420589189437,1.2255373906388611,1.33387718392299,0.997362799982675
5,2.0,5,200,True,True,3.0,917,0.3179820989081126,0.889605128229206,0.44970367454130566,0.25331819128072597
5,2.0,10,200,False,False,0.016666666666666666,1299,0.03375538443424531,1.7614949736071552,0.04654428564845914,0.020516556181719017
5,2.0,10,200,False,False,0.16666666666666666,1154,1.0696696444944418,2.2394625240003463,1.6656578145759307,1.1793229398620637
5,2.0,10,200,False,False,0.5,1022,1.048614435337611,2.330428314648532,1.5862598543120554,1.33355422762081
5,2.0,10,200,False,False,1.0,967,0.743400562082094,1.543378506764789,1.065477270745616,0.6708108967009508
5,2.0,10,200,False,False,3.0,877,0.41335377053917993,1.3212013425532287,0.5881674216093737,0.3015648782737038
5,2.0,10,200,True,False,0.016666666666666666,1292,0.05250709015005107,1.744080616490657,0.07245425874600525,0.031853827878374666
5,2.0,10,200,True,False,0.16666666666666666,1149,1.1021032091742413,2.2194864238793337,1.7193950304481633,1.2116634703165166
5,2.0,10,200,True,False,0.5,1018,1.0335360285722177,2.3004373025787976,1.5588039974861536,1.2979096254610478
5,2.0,10,200,True,False,1.0,964,0.7579903758056609,1.6176186596213535,1.0842383304680336,0.6770978580893136
5,2.0,10,200,True,False,3.0,875,0.39556775814557615,1.4207174148100021,0.561905309200208,0.28713161063320264
5,2.0,10,200,False,True,0.016666666666666666,1296,0.03574161261459437,1.7623040833412575,0.049283162037095624,0.021799500456111332
5,2.0,10,200,False,True,0.16666666666666666,1152,1.070286416437115,2.239556069324828,1.6666187333356108,1.1799930091148474
5,2.0,10,200,False,True,0.5,1020,1.0493971730179301,2.3304368451347384,1.5874449192390916,1.334529645846467
5,2.0,10,200,False,True,1.0,965,0.7512413318119836,1.5529679357118735,1.0772659254561723,0.6774401451474339
5,2.0,10,200,False,True,3.0,876,0.4176454024421824,1.335947757257281,0.5944467386939798,0.30456407898955723
5,2.0,10,200,True,True,0.016666666666666666,1289,0.05449701867797911,1.7448897659655835,0.07520034364729125,0.03317625856423119
5,2.0,10,200,True,True,0.16666666666666666,1147,1.102721505214886,2.219580021959192,1.7203601523220864,1.2123330310301352
5,2.0,10,200,True,True,0.5,1016,1.0343291020688334,2.3004458753903054,1.5600011355170407,1.298886041134383
5,2.0,10,200,True,True,1.0,962,0.7659205153157522,1.6273621793568112,1.096149083131036,0.6837249866734989
5,2.0,10,200,True,True,3.0,874,0.399878942969363,1.435663474983073,0.5681951495867272,0.2901343721174941
5,1.0,1,500,False,False,0.016666666666666666,7341,3.0139668543869593,4.56436125390512,11.87123271767107,14.071595910613786
5,1.0,1,500,False,False,0.16666666666666666,8768,3.5868947485269835,4.7565345565209824,6.205658642325825,5.8681596195119194
5,1.0,1,500,False,False,0.5,10263,3.3131406671369827,3.231990609453336,5.308568435514924,4.5128857234227
5,1.0,1,500,False,False,1.0,11125,2.5499566809966763,2.452710932639619,3.9027760543922265,4.145402353495539
5,1.0,1,500,False,False,3.0,11943,1.663395481929466,2.250747243877887,2.4660037557296453,2.3896658096701464
5,1.0,1,500,True,False,0.016666666666666666,7284,2.8712114805965854,4.597773729119796,11.00159057031046,12.913718951998797
5,1.0,1,500,True,False,0.16666666666666666,8698,3.4870909312958775,4.807814034640803,5.996523529683204,5.688312387504462
5,1.0,1,500,True,False,0.5,10180,3.3690894408387493,3.2417056968651465,5.420922572988136,4.548931713825838
5,1.0,1,500,True,False,1.0,11033,2.6122971441228975,2.480585923650676,4.010315859977984,4.338406146898314
5,1.0,1,500,True,False,3.0,11845,1.6991264158190487,2.269459673500999,2.5230393527989605,2.5128340904408666
5,1.0,1,500,False,True,0.016666666666666666,7324,3.0054574632379762,4.551988956567306,11.836820158274143,14.032200944211127
5,1.0,1,500,False,True,0.16666666666666666,8753,3.5559287405196143,4.766972797640651,6.14691863810488,5.59248429484575
5,1.0,1,500,False,True,0.5,10248,3.243879899357477,3.24811837422769,5.186874584779468,3.82194266792528
5,1.0,1,500,False,True,1.0,11108,2.501738831040668,2.481954973520336,3.8228614745259875,3.474511980519218
5,1.0,1,500,False,True,3.0,11927,1.6524804742744839,2.275819928492421,2.451469529213797,2.217116731150201
5,1.0,1,500,True,True,0.016666666666666666,7267,2.8625454499616714,4.585391597151781,10.967531265351244,12.875020771969671
5,1.0,1,500,True,True,0.16666666666666666,8683,3.455887333316548,4.818388812502424,5.937814491655587,5.274099973864055
5,1.0,1,500,True,True,0.5,10165,3.299381376067684,3.2579134296534917,5.297604488733984,3.853221442368167
5,1.0,1,500,True,True,1.0,11016,2.5638510799379057,2.509968040012502,3.9295646130151063,3.6214058407936434
5,1.0,1,500,True,True,3.0,11829,1.6880972882504228,2.294649328147063,2.508365627894267,2.1890837745848777
5,1.0,3,500,False,False,0.016666666666666666,7341,3.0139668543869593,4.56436125390512,11.87123271767107,14.071595910613786
5,1.0,3,500,False,False,0.16666666666666666,6618,3.842472950315496,5.050176474248328,6.756371916080399,8.189871218248692
5,1.0,3,500,False,False,0.5,6016,3.360375979476978,3.4553520720065976,5.366718004150694,4.383851226866461
5,1.0,3,500,False,False,1.0,5737,2.915989819707747,2.465855541049837,4.54398214898739,4.182608322106876
5,1.0,3,500,False,False,3.0,5589,1.5992228957090147,1.9344984090933404,2.3539670413768827,2.4279415107088176
5,1.0,3,500,True,False,0.016666666666666666,7284,2.8712114805965854,4.597773729119796,11.00159057031046,12.913718951998797
5,1.0,3,500,True,False,0.16666666666666666,6569,3.6751579895961,5.063672587687809,6.382674315355102,7.7935111644649675
5,1.0,3,500,True,False,0.5,5979,3.3365422712614996,3.3963742607126455,5.326160157289628,4.3960262518079025
5,1.0,3,500,True,False,1.0,5705,2.859590617605256,2.509576404271587,4.451051715933849,4.3338160301201905
5,1.0,3,500,True,False,3.0,5557,1.5544021832606176,1.977968854982124,2.28471572401446,2.105913368903093
5,1.0,3,500,False,True,0.016666666666666666,7324,3.0054574632379762,4.551988956567306,11.836820158274143,14.032200944211127
5,1.0,3,500,False,True,0.16666666666666666,6605,3.810450930315188,5.075853779763401,6.693911190575522,7.945673075545638
5,1.0,3,500,False,True,0.5,6002,3.2866922386994712,3.402684822283857,5.237063534845959,4.291888503700654
5,1.0,3,500,False,True,1.0,5727,2.866886932544714,2.423813957614189,4.459638511668958,3.5463076816679435
5,1.0,3,500,False,True,3.0,5579,1.5935191232013715,1.889755575577447,2.348540992235564,2.4196281203947994
5,1.0,3,500,True,True,0.016666666666666666,7267,2.8625454499616714,4.585391597151781,10.967531265351244,12.875020771969671
5,1.0,3,500,True,True,0.16666666666666666,6556,3.6427176584471295,5.090111093477207,6.320406771043767,7.557289427502966
5,1.0,3,500,True,True,0.5,5965,3.261962309379276,3.343169692497652,5.194924574009561,4.0791699146561955
5,1.0,3,500,True,True,1.0,5695,2.809917334943713,2.4675830031120025,4.365901013525925,3.6400269150541913
5,1.0,3,500,True,True,3.0,5547,1.5486478165874158,1.9331831952682286,2.279176881344149,2.098416236322604
5,1.0,5,500,False,False,0.016666666666666666,7341,3.0139668543869593,4.56436125390512,11.87123271767107,14.071595910613786
5,1.0,5,500,False,False,0.16666666666666666,6480,3.8034529030377526,5.0832406182165055,6.711137623207947,8.149333761747739
5,1.0,5,500,False,False,0.5,5513,3.2902519440578537,3.5630408679580334,5.276169990121112,5.00626108881074
5,1.0,5,500,False,False,1.0,4945,2.772453172936659,2.506200739085868,4.346367377395655,3.1094811333841044
5,1.0,5,500,False,False,3.0,4351,2.126552404218913,1.685548069584333,3.1949195364206955,2.636325936294925
5,1.0,5,500,True,False,0.016666666666666666,7284,2.8712114805965854,4.597773729119796,11.00159057031046,12.913718951998797
5,1.0,5,500,True,False,0.16666666666666666,6433,3.650373263162665,5.044073702128502,6.367975937185403,7.778530924507047
5,1.0,5,500,True,False,0.5,5480,3.300088336549176,3.4327449106017296,5.29638144637563,5.086341229320155
5,1.0,5,500,True,False,1.0,4923,2.754130864602593,2.460413796141921,4.313629371431006,3.2063360935712732
5,1.0,5,500,True,False,3.0,4335,2.047091687170107,1.5433885357505783,3.068253981198928,2.348730986231772
5,1.0,5,500,False,True,0.016666666666666666,7324,3.0054574632379762,4.551988956567306,11.836820158274143,14.032200944211127
5,1.0,5,500,False,True,0.16666666666666666,6467,3.7715347414777227,5.099731259694902,6.648760270327145,7.905951735787791
5,1.0,5,500,False,True,0.5,5498,3.2167347462990747,3.604418270349866,5.146555031785263,4.8386898841790424
5,1.0,5,500,False,True,1.0,4933,2.723164748773141,2.52270620845228,4.261626658707671,2.717487507666929
5,1.0,5,500,False,True,3.0,4339,2.1183449645101273,1.7053945870774612,3.1863761478091797,2.6267531774004573
5,1.0,5,500,True,True,0.016666666666666666,7267,2.8625454499616714,4.585391597151781,10.967531265351244,12.875020771969671
5,1.0,5,500,True,True,0.16666666666666666,6420,3.61804732537157,5.06053099796781,6.305722313990282,7.3255628127149315
5,1.0,5,500,True,True,0.5,5465,3.2257768847936537,3.4742671836852352,5.1650622190521505,4.773723497119739
5,1.0,5,500,True,True,1.0,4911,2.7042296218138606,2.476964458526024,4.227862227524987,2.7858260508328843
5,1.0,5,500,True,True,3.0,4323,2.038801675778602,1.5632678706579495,3.059509196531783,2.3397579621143616
5,1.0,10,500,False,False,0.016666666666666666,7341,3.0139668543869593,4.56436125390512,11.87123271767107,14.071595910613786
5,1.0,10,500,False,False,0.16666666666666666,6452,3.873488023087243,5.097771222824131,6.909194986397893,8.248126820830873
5,1.0,10,500,False,False,0.5,5372,3.2906181950767293,3.80041283984721,5.269217509134424,5.111828936505908
5,1.0,10,500,False,False,1.0,4648,2.714704064991966,2.6185410947693994,4.230132054227206,3.106447735178215
5,1.0,10,500,False,False,3.0,3763,2.2418952821295544,2.00546277589555,3.367866548953811,3.0432265568634884
5,1.0,10,500,True,False,0.016666666666666666,7284,2.8712114805965854,4.597773729119796,11.00159057031046,12.913718951998797
5,1.0,10,500,True,False,0.16666666666666666,6405,3.7204803614196846,5.079070823237442,6.55999167847427,7.878100405071542
5,1.0,10,500,True,False,0.5,5341,3.2923714229826557,3.7026216751907617,5.275751748893135,5.184292342765284
5,1.0,10,500,True,False,1.0,4628,2.7083151151823124,2.6005225970043804,4.217588564803651,3.220074902748595
5,1.0,10,500,True,False,3.0,3764,2.140395879624393,1.986890214324118,3.2062596363758753,2.735989421111275
5,1.0,10,500,False,True,0.016666666666666666,7324,3.0054574632379762,4.551988956567306,11.836820158274143,14.032200944211127
5,1.0,10,500,False,True,0.16666666666666666,6439,3.8414837810217484,5.114521141800131,6.8458037558644635,8.002755719504282
5,1.0,10,500,False,True,0.5,5358,3.21697832895519,3.839009914826449,5.139561239570241,4.831216065742954
5,1.0,10,500,False,True,1.0,4638,2.665440559120471,2.6113597030012787,4.1461386322974905,2.709176547953932
5,1.0,10,500,False,True,3.0,3753,2.229973833368113,2.0088014755630743,3.3538525360980036,3.0282097677037
5,1.0,10,500,True,True,0.016666666666666666,7267,2.8625454499616714,4.585391597151781,10.967531265351244,12.875020771969671
5,1.0,10,500,True,True,0.16666666666666666,6392,3.6880644928254895,5.096125703096283,6.496730288390661,7.420321709167085
5,1.0,10,500,True,True,0.5,5327,3.2179154583669454,3.7413975387413196,5.144402358933927,4.754933642083885
5,1.0,10,500,True,True,1.0,4618,2.6585036851226103,2.593285124261445,4.1326360137966685,2.7918281064268995
5,1.0,10,500,True,True,3.0,3754,2.128358859681159,1.9902385832555627,3.19197250626214,2.721660755768909
5,1.5,1,500,False,False,0.016666666666666666,3302,1.5815977888148964,3.9285968634070807,4.332609986318412,2.5097606806130157
5,1.5,1,500,False,False,0.16666666666666666,3923,1.4557517347128455,3.553385064365332,2.255815134906979,1.3848723641918317
5,1.5,1,500,False,False,0.5,4462,1.3983579505273864,2.3085900271345743,2.0954863291790304,1.3081742077948693
5,1.5,1,500,False,False,1.0,4782,0.9807199858970372,1.6743965717136766,1.418249120991371,0.9126460864908723
5,1.5,1,500,False,False,3.0,5074,0.708239693710371,1.4142623096483065,1.0069313011781515,0.5280213628391173
5,1.5,1,500,True,False,0.016666666666666666,3283,1.5685772527596404,3.9741954969935054,4.302028129345142,2.4869279714049877
5,1.5,1,500,True,False,0.16666666666666666,3900,1.427748158112422,3.5994351743537614,2.209515729672911,1.3508940246124108
5,1.5,1,500,True,False,0.5,4432,1.4571849087976798,2.3125477492773205,2.1928717475632977,1.3508543003708613
5,1.5,1,500,True,False,1.0,4751,1.0309832608551808,1.674613467251662,1.4951037390375492,0.9520663856385618
5,1.5,1,500,True,False,3.0,5041,0.7453266711234722,1.413262141747467,1.061881333528434,0.5519496518103237
5,1.5,1,500,False,True,0.016666666666666666,3295,1.5723387225037864,3.9028633670212254,4.306626799093241,2.4948500266546687
5,1.5,1,500,False,True,0.16666666666666666,3917,1.4249387448114788,3.531256870796221,2.204454834164171,1.3541523626952057
5,1.5,1,500,False,True,0.5,4457,1.368189625885304,2.2853135334116814,2.0469819086765075,1.2789249644083311
5,1.5,1,500,False,True,1.0,4775,0.9578877247084255,1.6595704801104545,1.3839642604932134,0.8906846619060348
5,1.5,1,500,False,True,3.0,5067,0.6772001112425653,1.3977337421561056,0.9618761947350469,0.5050083757505035
5,1.5,1,500,True,True,0.016666666666666666,3276,1.5593076496374585,3.948365982590448,4.275989119410609,2.4720146796625655
5,1.5,1,500,True,True,0.16666666666666666,3894,1.396715194627514,3.577302014743013,2.1579099847581733,1.3201339295609251
5,1.5,1,500,True,True,0.5,4427,1.4268899347170856,2.2891853515675282,2.143775344144595,1.3216724933801718
5,1.5,1,500,True,True,1.0,4744,1.0080900162335347,1.6597389145076173,1.4605560826811745,0.9301598983313178
5,1.5,1,500,True,True,3.0,5034,0.7141481854128807,1.3966805062433798,1.0164720689394078,0.5289884217104891
5,1.5,3,500,False,False,0.016666666666666666,3302,1.5815977888148964,3.9285968634070807,4.332609986318412,2.5097606806130157
5,1.5,3,500,False,False,0.16666666666666666,2999,1.8851577021564745,3.1122728230198904,2.9883052626311053,1.9736905122954866
5,1.5,3,500,False,False,0.5,2789,1.942344090241302,2.3189693070413093,2.9644272440165986,2.274149606157746
5,1.5,3,500,False,False,1.0,2695,1.4320416762310206,1.9264009850167692,2.1001629679026235,1.4253049225839547
5,1.5,3,500,False,False,3.0,2630,1.1244835622424476,1.466240584366396,1.6262332148308973,1.313998400828368
5,1.5,3,500,True,False,0.016666666666666666,3283,1.5685772527596404,3.9741954969935054,4.302028129345142,2.4869279714049877
5,1.5,3,500,True,False,0.16666666666666666,2982,1.8176679119553996,3.1913165600346267,2.871688257086381,1.8961771754017722
5,1.5,3,500,True,False,0.5,2774,1.9209385350866164,2.2871450655396757,2.9288436782594442,2.2148199091327108
5,1.5,3,500,True,False,1.0,2681,1.4007815859467063,1.9089912295480396,2.049666957580946,1.3500686903442465
5,1.5,3,500,True,False,3.0,2616,1.0756441304025306,1.5024790081381332,1.55296621552692,1.2460216438105753
5,1.5,3,500,False,True,0.016666666666666666,3295,1.5723387225037864,3.9028633670212254,4.306626799093241,2.4948500266546687
5,1.5,3,500,False,True,0.16666666666666666,2993,1.855526978289264,3.0781435572256015,2.936703316477308,1.9407483781259107
5,1.5,3,500,False,True,0.5,2785,1.9133563358952836,2.2168797466313914,2.915869518627394,2.2386849910635367
5,1.5,3,500,False,True,1.0,2691,1.411208562517342,1.7983678813713488,2.0680101514165194,1.4037135484413479
5,1.5,3,500,False,True,3.0,2627,1.0840298392696646,1.3504756010356072,1.5664103870920867,1.2678652189950919
5,1.5,3,500,True,True,0.016666666666666666,3276,1.5593076496374585,3.948365982590448,4.275989119410609,2.4720146796625655
5,1.5,3,500,True,True,0.16666666666666666,2976,1.7877968650417595,3.159505004434947,2.820001327838784,1.8631457335692638
5,1.5,3,500,True,True,0.5,2770,1.8914786362671168,2.1844314740835014,2.8795176071545137,2.1792631188442213
5,1.5,3,500,True,True,1.0,2677,1.3796212002110522,1.7804439134650243,2.0170909073305685,1.3288143961176047
5,1.5,3,500,True,True,3.0,2613,1.0347180306889316,1.386634322811963,1.492594692990686,1.1996819231755376
5,1.5,5,500,False,False,0.016666666666666666,3302,1.5815977888148964,3.9285968634070807,4.332609986318412,2.5097606806130157
5,1.5,5,500,False,False,0.16666666666666666,2941,1.6709458070355399,3.0738337509818585,2.5775873981171356,1.7969914638790712
5,1.5,5,500,False,False,0.5,2566,2.0447173896824506,2.777334322418244,3.1396627014736245,2.5531177437767627
5,1.5,5,500,False,False,1.0,2364,1.6516614165242514,2.0924400368030254,2.456452231882148,1.8944942261822688
5,1.5,5,500,False,False,3.0,2132,1.4246375048267441,1.236811279001608,2.0993166315106624,1.6650544994896974
5,1.5,5,500,True,False,0.016666666666666666,3283,1.5685772527596404,3.9741954969935054,4.302028129345142,2.4869279714049877
5,1.5,5,500,True,False,0.16666666666666666,2924,1.6038162663617659,3.1480996433005375,2.465933638457163,1.7189972353677903
5,1.5,5,500,True,False,0.5,2552,2.0863510688493037,2.730876121038824,3.2116634435637152,2.5633834216116784
5,1.5,5,500,True,False,1.0,2353,1.6983078741313626,2.060719842160497,2.526448127972993,1.874948552932463
5,1.5,5,500,True,False,3.0,2122,1.4081943757464959,1.234112570120512,2.0743562331427894,1.7063888707209887
5,1.5,5,500,False,True,0.016666666666666666,3295,1.5723387225037864,3.9028633670212254,4.306626799093241,2.4948500266546687
5,1.5,5,500,False,True,0.16666666666666666,2935,1.6416219970175303,3.0252571781341735,2.528545978707448,1.7638452023907947
5,1.5,5,500,False,True,0.5,2562,2.0161900990691244,2.7771573552550133,3.091395124529716,2.2919049347725626
5,1.5,5,500,False,True,1.0,2360,1.6313692478307718,2.0831932385854164,2.4244870172713373,1.7194530559717878
5,1.5,5,500,False,True,3.0,2129,1.388651344983192,1.212489825207739,2.0446877173702918,1.6243722756119185
5,1.5,5,500,True,True,0.016666666666666666,3276,1.5593076496374585,3.948365982590448,4.275989119410609,2.4720146796625655
5,1.5,5,500,True,True,0.16666666666666666,2918,1.5742628950138016,3.101604570813864,2.4168192868164295,1.6857602560000264
5,1.5,5,500,True,True,0.5,2548,2.057474901988406,2.730698046189842,3.1624979152406794,2.2601688299829665
5,1.5,5,500,True,True,1.0,2349,1.6777799727532619,2.051409679455007,2.4940141887838867,1.851125669324568
5,1.5,5,500,True,True,3.0,2119,1.3717812663117546,1.2096694491978188,2.019099061712646,1.6100468412181572
5,1.5,10,500,False,False,0.016666666666666666,3302,1.5815977888148964,3.9285968634070807,4.332609986318412,2.5097606806130157
5,1.5,10,500,False,False,0.16666666666666666,2932,1.6737883326105665,3.1103304987160203,2.5820223318938584,1.8001654858258767
5,1.5,10,500,False,False,0.5,2501,2.0503741274640572,2.8627871634033433,3.1376543593096113,2.5499100014848715
5,1.5,10,500,False,False,1.0,2255,1.445727175137274,2.176440236566281,2.1167918920246582,1.5032686487091003
5,1.5,10,500,False,False,3.0,1953,1.2616852116003183,1.3236341178382593,1.8417323028355361,1.5847009717740657
5,1.5,10,500,True,False,0.016666666666666666,3283,1.5685772527596404,3.9741954969935054,4.302028129345142,2.4869279714049877
5,1.5,10,500,True,False,0.16666666666666666,2915,1.606679552233153,3.18491857904039,2.4703862303700177,1.7221799358058887
5,1.5,10,500,True,False,0.5,2487,2.0924126989507736,2.82490463994696,3.2097097893510513,2.560177034955822
5,1.5,10,500,True,False,1.0,2244,1.4819147498295007,2.2019138201815682,2.1691042386737984,1.4876776428243526
5,1.5,10,500,True,False,3.0,1945,1.281829678379013,1.4390421938034141,1.8738392325225164,1.6677381151360091
5,1.5,10,500,False,True,0.016666666666666666,3295,1.5723387225037864,3.9028633670212254,4.306626799093241,2.4948500266546687
5,1.5,10,500,False,True,0.16666666666666666,2926,1.6444720409746463,3.0627478043717495,2.5329859370592556,1.7670229081215965
5,1.5,10,500,False,True,0.5,2497,2.0217501134228066,2.862613444179673,3.089353668589023,2.51264742922602
5,1.5,10,500,False,True,1.0,2251,1.4254853719482268,2.1371551283455643,2.0856340773012034,1.4684850680841448
5,1.5,10,500,False,True,3.0,1951,1.2323472813858118,1.2792661043923559,1.7976536179158455,1.548935134539626
5,1.5,10,500,True,True,0.016666666666666666,3276,1.5593076496374585,3.948365982590448,4.275989119410609,2.4720146796625655
5,1.5,10,500,True,True,0.16666666666666666,2909,1.5771338453786037,3.139443906924829,2.4212769257523696,1.6889466657905035
5,1.5,10,500,True,True,0.5,2483,2.0634364535188903,2.824729845024159,3.160509263196084,2.5229302304724888
5,1.5,10,500,True,True,1.0,2240,1.4614267349375978,2.1627826525841605,2.1375072417232244,1.4662671486980023
5,1.5,10,500,True,True,3.0,1943,1.252222538119832,1.3953365525218835,1.8292572351542888,1.630340587708786
5,2.0,1,500,False,False,0.016666666666666666,1207,0.5447393642384656,1.428189618797416,0.8408419384081383,0.6248588217289013
5,2.0,1,500,False,False,0.16666666666666666,1414,1.166627963310214,2.0455381886496466,1.8553477143670467,0.8769063604151094
5,2.0,1,500,False,False,0.5,1584,0.607105918793564,1.3575583292382614,0.9125269634887837,0.34975072979073085
5,2.0,1,500,False,False,1.0,1685,0.020865007224462998,1.229698024186013,0.0292070040405042,0.011459209645490739
5,2.0,1,500,False,False,3.0,1777,-0.6165736440152664,1.1301573379694594,-0.811499583707204,-0.27043883807378216
5,2.0,1,500,True,False,0.016666666666666666,1203,0.5740460493291009,1.4515963506003626,0.8871187440384387,0.657503845529388
5,2.0,1,500,True,False,0.16666666666666666,1410,1.159648680111948,2.104115376406111,1.846466825726837,0.8478500315704223
5,2.0,1,500,True,False,0.5,1578,0.6595248782085265,1.409920535852684,0.9950503009153484,0.3814860235379276
5,2.0,1,500,True,False,1.0,1678,0.07437845022956578,1.2800899377536394,0.10441223640203025,0.04332658603548034
5,2.0,1,500,True,False,3.0,1769,-0.572136882558541,1.1771923540678795,-0.7546858654817632,-0.26504511126572117
5,2.0,1,500,False,True,0.016666666666666666,1205,0.5465056878721375,1.4287382877461674,0.8435708182757249,0.6305672192896453
5,2.0,1,500,False,True,0.16666666666666666,1413,1.1673418091138892,2.0455381886496466,1.8564838296865396,0.8774354029230984
5,2.0,1,500,False,True,0.5,1582,0.608018299656607,1.3559070740028878,0.9138992232218398,0.3502709219762554
5,2.0,1,500,False,True,1.0,1682,0.022194906809842454,1.240420610918061,0.031068670366575884,0.012189272685559973
5,2.0,1,500,False,True,3.0,1774,-0.6112292643164402,1.1362311073858629,-0.8045238452750427,-0.2698534042569733
5,2.0,1,500,True,True,0.016666666666666666,1201,0.5758149169549523,1.4521453461745817,0.8898548971399045,0.6634039088087667
5,2.0,1,500,True,True,0.16666666666666666,1409,1.1603651036157292,2.104115376406111,1.8476084214885322,0.8483665469091559
5,2.0,1,500,True,True,0.5,1576,0.6604417400782083,1.4082660703147083,0.9964345796074068,0.3820104447309929
5,2.0,1,500,True,True,1.0,1675,0.07571482396477018,1.2908784990207895,0.10628844942247992,0.04410386114832123
5,2.0,1,500,True,True,3.0,1766,-0.5667610769799499,1.1833148184218867,-0.7476500247439716,-0.2643894776125259
5,2.0,3,500,False,False,0.016666666666666666,1207,0.5447393642384656,1.428189618797416,0.8408419384081383,0.6248588217289013
5,2.0,3,500,False,False,0.16666666666666666,1105,0.5209465941703727,2.8020845268590118,0.7247160607681028,0.39960446327708643
5,2.0,3,500,False,False,0.5,1041,1.1219004734357485,2.778154074713268,1.723917104644358,1.311991306460023
5,2.0,3,500,False,False,1.0,1025,0.27617995581068067,2.6191384520015375,0.39224305625015243,0.23362887184762857
5,2.0,3,500,False,False,3.0,1003,-0.17672020968797203,2.024374546805547,-0.24209820550323743,-0.1309731674474996
5,2.0,3,500,True,False,0.016666666666666666,1203,0.5740460493291009,1.4515963506003626,0.8871187440384387,0.657503845529388
5,2.0,3,500,True,False,0.16666666666666666,1102,0.5406183731761722,2.866255408075452,0.7526828200889417,0.4305584598103009
5,2.0,3,500,True,False,0.5,1037,1.1481804003193945,2.866462712293082,1.7663612548539807,1.2209711297000796
5,2.0,3,500,True,False,1.0,1021,0.3063388312485794,2.6982553146373722,0.43503787081894196,0.2489149940041176
5,2.0,3,500,True,False,3.0,1000,-0.20878456165828063,2.113870810833192,-0.28536791617108986,-0.15380241726762095
5,2.0,3,500,False,True,0.016666666666666666,1205,0.5465056878721375,1.4287382877461674,0.8435708182757249,0.6305672192896453
5,2.0,3,500,False,True,0.16666666666666666,1104,0.5216086917671034,2.8020845268590118,0.7256373302167637,0.40010892649019975
5,2.0,3,500,False,True,0.5,1040,1.1227679434244588,2.656642302877573,1.7252515123143306,1.3129858018470557
5,2.0,3,500,False,True,1.0,1024,0.2773790602382531,2.508463507737807,0.3939467292028367,0.234637079099374
5,2.0,3,500,False,True,3.0,1003,-0.17656388529695538,1.918718418531846,-0.24189244206486923,-0.1308434042852031
5,2.0,3,500,True,True,0.016666666666666666,1201,0.5758149169549523,1.4521453461745817,0.8898548971399045,0.6634039088087667
5,2.0,3,500,True,True,0.16666666666666666,1101,0.5412825463479876,2.866255408075452,0.7536077218471174,0.43108374018283224
5,2.0,3,500,True,True,0.5,1036,1.1490574848753574,2.7478988748271265,1.7677120831214148,1.221885225725352
5,2.0,3,500,True,True,1.0,1020,0.3075492069061889,2.58975290932384,0.43675748159976047,0.2498919291328794
5,2.0,3,500,True,True,3.0,1000,-0.20863059315234642,2.0100610298084094,-0.2851673222562064,-0.15367244609448402
5,2.0,5,500,False,False,0.016666666666666666,1207,0.5447393642384656,1.428189618797416,0.8408419384081383,0.6248588217289013
5,2.0,5,500,False,False,0.16666666666666666,1082,0.6379140545283499,2.891440767575723,0.8935387638631926,0.4918671553746865
5,2.0,5,500,False,False,0.5,971,1.1513777802077916,2.722217602181254,1.7732204553229791,1.2688491384864127
5,2.0,5,500,False,False,1.0,925,0.4121623325955324,2.275099540144735,0.5906270491986969,0.3808787998117505
5,2.0,5,500,False,False,3.0,860,0.22326657818321424,1.8378193936307456,0.32217099224978507,0.1805125606734658
5,2.0,5,500,True,False,0.016666666666666666,1203,0.5740460493291009,1.4515963506003626,0.8871187440384387,0.657503845529388
5,2.0,5,500,True,False,0.16666666666666666,1079,0.6578039911725935,2.9332782471144183,0.9221735054954425,0.5266285546045328
5,2.0,5,500,True,False,0.5,967,1.1768616268493324,2.798025168576936,1.8145605418419108,1.18802860810338
5,2.0,5,500,True,False,1.0,922,0.45234145322412866,2.328662489912692,0.6483517802472997,0.4139660312777341
5,2.0,5,500,True,False,3.0,858,0.1870087452371187,1.9065835506334783,0.26915092943725644,0.13782418201694602
5,2.0,5,500,False,True,0.016666666666666666,1205,0.5465056878721375,1.4287382877461674,0.8435708182757249,0.6305672192896453
5,2.0,5,500,False,True,0.16666666666666666,1081,0.6385718217756011,2.891440767575723,0.8944603356767199,0.49237013635536264
5,2.0,5,500,False,True,0.5,970,1.1522207155791189,2.6416111199913908,1.7745200485555637,1.2697588771412955
5,2.0,5,500,False,True,1.0,924,0.4133257931356405,2.223949408176705,0.5922952169014439,0.38194403150985873
5,2.0,5,500,False,True,3.0,860,0.22559446824638657,1.7839457211916532,0.3255326176753879,0.18238174127609716
5,2.0,5,500,True,True,0.016666666666666666,1201,0.5758149169549523,1.4521453461745817,0.8898548971399045,0.6634039088087667
5,2.0,5,500,True,True,0.16666666666666666,1078,0.658463794406245,2.9332782471144183,0.92309871320133,0.527152292608543
5,2.0,5,500,True,True,0.5,966,1.1777133761532501,2.71991063386193,1.8158752892177097,1.188870445481198
5,2.0,5,500,True,True,1.0,921,0.4535154708246187,2.2792148379596786,0.6500355648468126,0.4150296688995146
5,2.0,5,500,True,True,3.0,858,0.18935641920588794,1.85422374291108,0.2725319215628942,0.13954446877967436
5,2.0,10,500,False,False,0.016666666666666666,1207,0.5447393642384656,1.428189618797416,0.8408419384081383,0.6248588217289013
5,2.0,10,500,False,False,0.16666666666666666,1080,0.6113174105985694,2.9296862720302075,0.8554835345610922,0.47197730237603164
5,2.0,10,500,False,False,0.5,953,1.0751260387911776,2.8769067968174737,1.6481828156544867,1.1904160113854958
5,2.0,10,500,False,False,1.0,892,0.3891725363827405,2.5703892638985564,0.555102673159079,0.3676291611171941
5,2.0,10,500,False,False,3.0,814,0.18881324772627547,2.0225318690767757,0.2704072294773871,0.1293181930099566
5,2.0,10,500,True,False,0.016666666666666666,1203,0.5740460493291009,1.4515963506003626,0.8871187440384387,0.657503845529388
5,2.0,10,500,True,False,0.16666666666666666,1077,0.6311038327027045,2.9639436547874305,0.8839073675143254,0.5059178914735306
5,2.0,10,500,True,False,0.5,949,1.0996887631831682,2.967229085506507,1.6875921582957116,1.1154496503207025
5,2.0,10,500,True,False,1.0,889,0.4280693681534719,2.7170798721170004,0.6106669048610651,0.39909939157866214
5,2.0,10,500,True,False,3.0,813,0.14085298354590295,2.212119288585564,0.20114021801006732,0.0902808621055685
5,2.0,10,500,False,True,0.016666666666666666,1205,0.5465056878721375,1.4287382877461674,0.8435708182757249,0.6305672192896453
5,2.0,10,500,False,True,0.16666666666666666,1079,0.6119745115146925,2.9296862720302075,0.8564033045694,0.47248060232991246
5,2.0,10,500,False,True,0.5,952,1.0759659424166446,2.8008348172880777,1.6494716890224417,1.1913279446829177
5,2.0,10,500,False,True,1.0,891,0.39030758381865405,2.5287589263619474,0.5567224875310767,0.36869182490441366
5,2.0,10,500,False,True,3.0,814,0.188770584269486,1.9860865899296527,0.27034212108816447,0.12928549982823118
5,2.0,10,500,True,True,0.016666666666666666,1201,0.5758149169549523,1.4521453461745817,0.8898548971399045,0.6634039088087667
5,2.0,10,500,True,True,0.16666666666666666,1076,0.631762963190859,2.9639436547874305,0.8848307520490273,0.5064419613925492
5,2.0,10,500,True,True,0.5,948,1.1005373844264068,2.893909039086912,1.6888958096863607,1.1162935171554307
5,2.0,10,500,True,True,1.0,888,0.4292142111247386,2.679568959511201,0.612301005668937,0.40015639252301427
5,2.0,10,500,True,True,3.0,813,0.14080867400902547,2.1792728606760723,0.2010739025712298,0.08987027018081051
10,1.0,1,200,False,False,0.016666666666666666,7379,1.5368099739792391,2.7353968912768845,4.905759608359933,3.019085798991341
10,1.0,1,200,False,False,0.16666666666666666,8936,1.6989559417321476,2.854991285101082,2.7165454731021494,1.354776312496926
10,1.0,1,200,False,False,0.5,10611,1.0959043516883868,1.8831013477712348,1.620058058431054,0.6617196986625026
10,1.0,1,200,False,False,1.0,11638,1.4566704960215469,1.465088768290073,2.1625287099978694,0.9893736933257056
10,1.0,1,200,False,False,3.0,12658,0.9767417564725029,1.2107726407235144,1.4140924207824639,0.593535646551533
10,1.0,1,200,True,False,0.016666666666666666,7336,1.4956092586527656,2.8297955660750826,4.766167129969918,2.8952676692806936
10,1.0,1,200,True,False,0.16666666666666666,8874,1.5934439804501053,2.939131257901927,2.5363311979207985,1.2429126413012495
10,1.0,1,200,True,False,0.5,10531,1.1017366249674325,2.0031140414382764,1.6315247784193134,0.6359345267810446
10,1.0,1,200,True,False,1.0,11547,1.4419330045672334,1.5338363509568926,2.1435346220964533,0.9563136174685144
10,1.0,1,200,True,False,3.0,12561,1.0077509884082465,1.2675780590677364,1.4614619639655055,0.6084141031282331
10,1.0,1,200,False,True,0.016666666666666666,7362,1.5170838924047567,2.6131925419090454,4.830661974499028,2.981116411096698
10,1.0,1,200,False,True,0.16666666666666666,8918,1.6684851734023072,2.8657353413414586,2.6636930532751872,1.3293125856457249
10,1.0,1,200,False,True,0.5,10593,1.0918934095937796,1.8958965257837035,1.6135430667237463,0.6580728198812296
10,1.0,1,200,False,True,1.0,11616,1.4629580899060108,1.5071630147608062,2.1733722157042794,0.9920454604291161
10,1.0,1,200,False,True,3.0,12638,0.9523487164343146,1.2169779400049783,1.3795595322816865,0.5801681942946407
10,1.0,1,200,True,True,0.016666666666666666,7319,1.4758740735436828,2.7078300611765638,4.691521995483896,2.8578140673456036
10,1.0,1,200,True,True,0.16666666666666666,8856,1.5627495978298782,2.951265463525591,2.4836044342234422,1.2179020738084139
10,1.0,1,200,True,True,0.5,10513,1.097727406037943,2.016995860138618,1.6250003961237744,0.6324264296043599
10,1.0,1,200,True,True,1.0,11525,1.448248539214409,1.5766964707023365,2.1544493603430084,0.9589401524705938
10,1.0,1,200,True,True,3.0,12541,0.9831829830283598,1.274182541947588,1.4266470026120393,0.5950805677384647
10,1.0,3,200,False,False,0.016666666666666666,7379,1.5368099739792391,2.7353968912768845,4.905759608359933,3.019085798991341
10,1.0,3,200,False,False,0.16666666666666666,6587,1.7443418839781595,3.373320309189902,2.7371059980614727,1.1863949429640397
10,1.0,3,200,False,False,0.5,5934,1.6239642444432012,2.6714465169511636,2.454004770357663,1.3757353282496003
10,1.0,3,200,False,False,1.0,5575,1.604431819071584,2.0811895333358215,2.383982237941411,1.4174726794289916
10,1.0,3,200,False,False,3.0,5367,1.187369933783022,1.8522224337913595,1.722895230562157,0.8495316938829123
10,1.0,3,200,True,False,0.016666666666666666,7336,1.4956092586527656,2.8297955660750826,4.766167129969918,2.8952676692806936
10,1.0,3,200,True,False,0.16666666666666666,6554,1.5899455089739751,3.501144541456655,2.477930775043659,1.0607749565044633
10,1.0,3,200,True,False,0.5,5905,1.6010962410905036,2.7917907349041604,2.4206490817111406,1.259522789334643
10,1.0,3,200,True,False,1.0,5548,1.5305879738428063,2.1651674560151695,2.2741953907164234,1.3468305729606624
10,1.0,3,200,True,False,3.0,5344,1.132747193110675,1.8800782138428376,1.643100770668822,0.8083187412500994
10,1.0,3,200,False,True,0.016666666666666666,7362,1.5170838924047567,2.6131925419090454,4.830661974499028,2.981116411096698
10,1.0,3,200,False,True,0.16666666666666666,6573,1.7253974208588747,3.3932776931481063,2.7044736830173886,1.1726134092449532
10,1.0,3,200,False,True,0.5,5925,1.599689778982477,2.6804343763613105,2.4110298989432306,1.3569378031717623
10,1.0,3,200,False,True,1.0,5571,1.5638658450033431,2.095496109567067,2.3202262782391663,1.385241401079782
10,1.0,3,200,False,True,3.0,5362,1.1393913458685772,1.855569193363843,1.651738952797437,0.8192504715492225
10,1.0,3,200,True,True,0.016666666666666666,7319,1.4758740735436828,2.7078300611765638,4.691521995483896,2.8578140673456036
10,1.0,3,200,True,True,0.16666666666666666,6540,1.5707706232127527,3.5233580717570696,2.445400036253566,1.0471800385946728
10,1.0,3,200,True,True,0.5,5896,1.5766695493695018,2.8018666545915534,2.3774244578194947,1.2419344588382106
10,1.0,3,200,True,True,1.0,5544,1.4897798698205376,2.1801621636656434,2.210194820391682,1.3143809191547686
10,1.0,3,200,True,True,3.0,5339,1.0846216213741764,1.8836329402102516,1.5718142464181872,0.7778546371439423
10,1.0,5,200,False,False,0.016666666666666666,7379,1.5368099739792391,2.7353968912768845,4.905759608359933,3.019085798991341
10,1.0,5,200,False,False,0.16666666666666666,6446,1.9402754925677261,3.2131986337801837,3.1252062062840147,1.3042237131227687
10,1.0,5,200,False,False,0.5,5394,1.4340010723780854,2.3654658988960087,2.1439286669605426,1.0704443545295481
10,1.0,5,200,False,False,1.0,4716,1.6865878572362543,2.1085533711926647,2.5164273341122927,1.5177074036071259
10,1.0,5,200,False,False,3.0,3996,1.183080512896201,1.9539287294443335,1.7116507723554193,0.7149369496271757
10,1.0,5,200,True,False,0.016666666666666666,7336,1.4956092586527656,2.8297955660750826,4.766167129969918,2.8952676692806936
10,1.0,5,200,True,False,0.16666666666666666,6417,1.7416425359731234,3.339345156080361,2.7798485487402793,1.1484810186554857
10,1.0,5,200,True,False,0.5,5369,1.4167602572902758,2.4900300445679133,2.1195487426207014,0.9890262376136392
10,1.0,5,200,True,False,1.0,4702,1.6571391599090592,2.133529360492024,2.4768738031186133,1.4813087345657758
10,1.0,5,200,True,False,3.0,3988,1.1600601537267623,1.959479139885111,1.6795546365283718,0.697721892319366
10,1.0,5,200,False,True,0.016666666666666666,7362,1.5170838924047567,2.6131925419090454,4.830661974499028,2.981116411096698
10,1.0,5,200,False,True,0.16666666666666666,6434,1.9214615566110271,3.2320159626891662,3.091569734546006,1.2905602052596732
10,1.0,5,200,False,True,0.5,5386,1.4096423386652372,2.3744067447923385,2.1020819039443173,1.0536530478619464
10,1.0,5,200,False,True,1.0,4713,1.6473642743425994,2.1002142919316102,2.4542266686175505,1.4861841148259392
10,1.0,5,200,False,True,3.0,3991,1.1820002439286779,1.9676519495241473,1.7109311216987526,0.7161155249643754
10,1.0,5,200,True,True,0.016666666666666666,7319,1.4758740735436828,2.7078300611765638,4.691521995483896,2.8578140673456036
10,1.0,5,200,True,True,0.16666666666666666,6405,1.7225222992085163,3.360367067379809,2.7463385488129117,1.1349751129549435
10,1.0,5,200,True,True,0.5,5361,1.3922301109605333,2.5000841796276974,2.077399075082241,0.9731961705367841
10,1.0,5,200,True,True,1.0,4699,1.6175998367646278,2.125377864365007,2.4140735091396794,1.449677994949171
10,1.0,5,200,True,True,3.0,3983,1.1590157270975776,1.9734143264532644,1.6788748918987193,0.6989038778802319
10,1.0,10,200,False,False,0.016666666666666666,7379,1.5368099739792391,2.7353968912768845,4.905759608359933,3.019085798991341
10,1.0,10,200,False,False,0.16666666666666666,6416,1.9391722728974006,3.223991665291649,3.1240912306522244,1.3032667677357939
10,1.0,10,200,False,False,0.5,5221,1.468642670945021,2.2946198935880537,2.195578978106353,1.0910767043313576
10,1.0,10,200,False,False,1.0,4332,1.7534948021760213,1.986056516994994,2.6296661461160307,1.5623700500935367
10,1.0,10,200,False,False,3.0,3212,1.0670695576460414,1.7438211004544164,1.53792048087609,0.5741355010520652
10,1.0,10,200,True,False,0.016666666666666666,7336,1.4956092586527656,2.8297955660750826,4.766167129969918,2.8952676692806936
10,1.0,10,200,True,False,0.16666666666666666,6388,1.7404971449716653,3.3436434670980875,2.7785915771876124,1.147535117644085
10,1.0,10,200,True,False,0.5,5201,1.4598415171848764,2.433717392271291,2.185688211041169,1.0147042927446919
10,1.0,10,200,True,False,1.0,4323,1.7313344204283077,2.0712700829444697,2.601460014558359,1.5320912500038921
10,1.0,10,200,True,False,3.0,3215,1.0198603085960753,1.8409405710934699,1.4705036618354865,0.5470044554261607
10,1.0,10,200,False,True,0.016666666666666666,7362,1.5170838924047567,2.6131925419090454,4.830661974499028,2.981116411096698
10,1.0,10,200,False,True,0.16666666666666666,6404,1.9203536268841557,3.243154243860381,3.0904408924397995,1.2896023075711103
10,1.0,10,200,False,True,0.5,5213,1.444171777752572,2.3032352932103564,2.153393610810145,1.0743182018163608
10,1.0,10,200,False,True,1.0,4331,1.7142768035164357,1.9784205685563705,2.5669546431617802,1.5312939944548158
10,1.0,10,200,False,True,3.0,3210,1.0831608575510274,1.764274373084897,1.5622768385076886,0.5838899485484134
10,1.0,10,200,True,True,0.016666666666666666,7319,1.4758740735436828,2.7078300611765638,4.691521995483896,2.8578140673456036
10,1.0,10,200,True,True,0.16666666666666666,6376,1.7213719997370913,3.364939548997801,2.7450678666537276,1.134028256722773
10,1.0,10,200,True,True,0.5,5193,1.4352137790702326,2.4435970089309924,2.1431479974897756,0.9989151477908311
10,1.0,10,200,True,True,1.0,4322,1.6917966405465112,2.0641983725459,2.5381073265803873,1.5009265923381192
10,1.0,10,200,True,True,3.0,3213,1.0361669121842547,1.8621233889605722,1.4951412041269299,0.5568119881809648
10,1.5,1,200,False,False,0.016666666666666666,3397,1.2648227237344913,2.9554100457193426,2.7802507008746913,1.694426227442111
10,1.5,1,200,False,False,0.16666666666666666,4146,1.3691910888254404,2.8545690221565554,2.0993120549236504,1.4793046421122384
10,1.5,1,200,False,False,0.5,4846,0.8980634620984451,1.8756374146804329,1.309064076086614,0.7680303847512049
10,1.5,1,200,False,False,1.0,5247,0.9704524735113068,1.7306752212403158,1.3947707129081937,0.6639463359714806
10,1.5,1,200,False,False,3.0,5634,0.7236619814565735,1.6959036885993812,1.0228546244155696,0.40435751281161114
10,1.5,1,200,True,False,0.016666666666666666,3379,1.2152270241864982,3.1272344231823315,2.667038371817209,1.6246529177889293
10,1.5,1,200,True,False,0.16666666666666666,4121,1.2946571427012683,2.969185990937723,1.9794133067727377,1.3932913590765559
10,1.5,1,200,True,False,0.5,4813,0.8894034723538646,1.945404891288195,1.2989695406153041,0.7534597582458721
10,1.5,1,200,True,False,1.0,5211,1.0136619874300832,1.7892083487096158,1.4615521817367167,0.6949060588204446
10,1.5,1,200,True,False,3.0,5594,0.7528813596692194,1.7508335484634154,1.0665448276321656,0.4170079079955954
10,1.5,1,200,False,True,0.016666666666666666,3389,1.2597691230506138,2.9510103508718046,2.7691010493525225,1.7249033273482015
10,1.5,1,200,False,True,0.16666666666666666,4137,1.3521602695279367,2.896246231305437,2.070856221080263,1.4586611968426009
10,1.5,1,200,False,True,0.5,4836,0.8936737026041496,1.9073252173966058,1.3022258876470687,0.7618399719600539
10,1.5,1,200,False,True,1.0,5239,0.9391327109616321,1.7715176249243259,1.3481695948715289,0.6424156974137143
10,1.5,1,200,False,True,3.0,5625,0.7201550150386681,1.718066413073937,1.0193949961856001,0.4032184779759731
10,1.5,1,200,True,True,0.016666666666666666,3371,1.2101519549840274,3.1228007006870353,2.6558587834616714,1.653573253070581
10,1.5,1,200,True,True,0.16666666666666666,4112,1.2774025775869742,3.0112343608902448,1.9507911529394637,1.3725838426878074
10,1.5,1,200,True,True,0.5,4803,0.8849704485633739,1.977296685668206,1.2920660649867763,0.7472634133462585
10,1.5,1,200,True,True,1.0,5203,0.9821016941508119,1.8302463987585709,1.4143497472969648,0.6731455276355004
10,1.5,1,200,True,True,3.0,5585,0.7492771967458224,1.7731161068325634,1.0630229271658846,0.4158707991052313
10,1.5,3,200,False,False,0.016666666666666666,3397,1.2648227237344913,2.9554100457193426,2.7802507008746913,1.694426227442111
10,1.5,3,200,False,False,0.16666666666666666,3044,1.5299188230269902,2.685111769479437,2.33517974219399,2.389683817564901
10,1.5,3,200,False,False,0.5,2771,1.2280214957679125,2.0092060393777107,1.7713209614388583,1.1077288570322081
10,1.5,3,200,False,False,1.0,2635,1.7485486642539092,1.4844445443597496,2.596743192656637,1.5307722279850797
10,1.5,3,200,False,False,3.0,2543,1.0711166802833345,1.4986188517212506,1.5445734919103877,0.9063632427779296
10,1.5,3,200,True,False,0.016666666666666666,3379,1.2152270241864982,3.1272344231823315,2.667038371817209,1.6246529177889293
10,1.5,3,200,True,False,0.16666666666666666,3030,1.4405147113139256,2.8415279110348046,2.189850470264383,2.2433352645613343
10,1.5,3,200,True,False,0.5,2763,1.2782895259729536,2.059350608785244,1.8515473286765458,1.137463673218529
10,1.5,3,200,True,False,1.0,2624,1.8026776932212722,1.5524220885589746,2.688703473173102,1.557033041931707
10,1.5,3,200,True,False,3.0,2534,1.13700763789378,1.559937763129126,1.64422524942862,0.950323017399903
10,1.5,3,200,False,True,0.016666666666666666,3389,1.2597691230506138,2.9510103508718046,2.7691010493525225,1.7249033273482015
10,1.5,3,200,False,True,0.16666666666666666,3035,1.5128110199751321,2.722031481240766,2.3062935931180637,2.3590745391834407
10,1.5,3,200,False,True,0.5,2763,1.2253601669838916,2.011661104382414,1.766725442929534,1.1015968104751974
10,1.5,3,200,False,True,1.0,2627,1.721739902818015,1.5546744200026452,2.554383741991941,1.507112905627649
10,1.5,3,200,False,True,3.0,2537,1.0608071589730423,1.5418096790413378,1.5291915749357128,0.9007513489525492
10,1.5,3,200,True,True,0.016666666666666666,3371,1.2101519549840274,3.1228007006870353,2.6558587834616714,1.653573253070581
10,1.5,3,200,True,True,0.16666666666666666,3021,1.4231573929300145,2.8788627455074205,2.160824784620551,2.2126176839526086
10,1.5,3,200,True,True,0.5,2755,1.2758353447961437,2.061817820560845,1.8472309981748576,1.131342525046309
10,1.5,3,200,True,True,1.0,2616,1.7756079119729196,1.62298299736823,2.6456252887230955,1.53341774115428
10,1.5,3,200,True,True,3.0,2528,1.126342598370622,1.6033407141064617,1.6282095517682582,0.9447338280646596
10,1.5,5,200,False,False,0.016666666666666666,3397,1.2648227237344913,2.9554100457193426,2.7802507008746913,1.694426227442111
10,1.5,5,200,False,False,0.16666666666666666,2969,1.6213200881694247,2.8353980531021055,2.497474398488526,2.3322624195065176
10,1.5,5,200,False,False,0.5,2547,1.024519712724796,2.2320373772004736,1.4571499340422203,0.9058024714404276
10,1.5,5,200,False,False,1.0,2259,1.7905393767920665,1.8663938220995087,2.6697625339174333,1.473858163710115
10,1.5,5,200,False,False,3.0,1980,1.5473593126259735,1.997502281066297,2.2765261486263975,1.3124228609423307
10,1.5,5,200,True,False,0.016666666666666666,3379,1.2152270241864982,3.1272344231823315,2.667038371817209,1.6246529177889293
10,1.5,5,200,True,False,0.16666666666666666,2956,1.475702362204957,3.004514277312684,2.256438166399496,2.1152110958430153
10,1.5,5,200,True,False,0.5,2538,1.0620449838538397,2.28551669396089,1.5156605011110944,0.9260287195967843
10,1.5,5,200,True,False,1.0,2252,1.8816587523150365,1.9576730150174495,2.819324482031413,1.5260144689568766
10,1.5,5,200,True,False,3.0,1974,1.6348744531832458,2.0740796907273347,2.4135211479186003,1.4669155042390745
10,1.5,5,200,False,True,0.016666666666666666,3389,1.2597691230506138,2.9510103508718046,2.7691010493525225,1.7249033273482015
10,1.5,5,200,False,True,0.16666666666666666,2960,1.604400730025912,2.8722606151919,2.468483414813567,2.304127401896276
10,1.5,5,200,False,True,0.5,2538,1.0211330299408872,2.2333740423260426,1.4515737750779314,0.8997189021042753
10,1.5,5,200,False,True,1.0,2252,1.7637751606238667,1.9006932505939345,2.6272386885266616,1.4516420486492911
10,1.5,5,200,False,True,3.0,1974,1.537097907233085,2.029690333848181,2.2604281069869967,1.307955061952221
10,1.5,5,200,True,True,0.016666666666666666,3371,1.2101519549840274,3.1228007006870353,2.6558587834616714,1.653573253070581
10,1.5,5,200,True,True,0.16666666666666666,2947,1.4583968306645725,3.0418071143234178,2.2272707619043355,2.0869160142933176
10,1.5,5,200,True,True,0.5,2529,1.0588028220992263,2.2868615424381193,1.5102550274485065,0.9199526934958665
10,1.5,5,200,True,True,1.0,2245,1.854664030650537,1.992159462128693,2.7760414774912987,1.5038853160429824
10,1.5,5,200,True,True,3.0,1968,1.6241972076750282,2.106441673673938,2.39661862480745,1.4621547940316966
10,1.5,10,200,False,False,0.016666666666666666,3397,1.2648227237344913,2.9554100457193426,2.7802507008746913,1.694426227442111
10,1.5,10,200,False,False,0.16666666666666666,2957,1.6213200881694247,2.9511897845436934,2.497474398488526,2.3322624195065176
10,1.5,10,200,False,False,0.5,2453,1.0581458756357296,1.9738247578832484,1.5097629090861253,0.9292759212498906
10,1.5,10,200,False,False,1.0,2085,1.7190319590130065,1.8210920343558972,2.5523441986865127,1.4695666528290094
10,1.5,10,200,False,False,3.0,1632,1.3587114661100625,1.5624465565063839,1.973395334528663,1.175632363900936
10,1.5,10,200,True,False,0.016666666666666666,3379,1.2152270241864982,3.1272344231823315,2.667038371817209,1.6246529177889293
10,1.5,10,200,True,False,0.16666666666666666,2945,1.475702362204957,3.1106361390119592,2.256438166399496,2.1152110958430153
10,1.5,10,200,True,False,0.5,2447,1.1301297448358143,2.024112284660757,1.6213788528416162,0.9796523482834061
10,1.5,10,200,True,False,1.0,2080,1.8263676467609797,1.9241451838663308,2.724927368880609,1.5382242672870938
10,1.5,10,200,True,False,3.0,1634,1.4060623990400718,1.6901599339592066,2.0468227107348973,1.292469441355689
10,1.5,10,200,False,True,0.016666666666666666,3389,1.2597691230506138,2.9510103508718046,2.7691010493525225,1.7249033273482015
10,1.5,10,200,False,True,0.16666666666666666,2948,1.604400730025912,2.987970183780268,2.468483414813567,2.304127401896276
10,1.5,10,200,False,True,0.5,2444,1.0548845233006985,1.9751439833552138,1.5043433203189644,0.9232011048354506
10,1.5,10,200,False,True,1.0,2079,1.6924706031629813,1.849724960947499,2.51045924217073,1.4467103080833246
10,1.5,10,200,False,True,3.0,1628,1.3521720758864704,1.572828969378043,1.963286260541417,1.173516984905161
10,1.5,10,200,True,True,0.016666666666666666,3371,1.2101519549840274,3.1228007006870353,2.6558587834616714,1.653573253070581
10,1.5,10,200,True,True,0.16666666666666666,2936,1.4583968306645725,3.147832521388145,2.2272707619043355,2.0869160142933176
10,1.5,10,200,True,True,0.5,2438,1.1271460362377863,2.0254397239580073,1.6163137948137842,0.9735962515597302
10,1.5,10,200,True,True,1.0,2074,1.799604393623198,1.9529421358335153,2.682317767280316,1.5154828429560971
10,1.5,10,200,True,True,3.0,1630,1.3992932848067763,1.7006418874168814,2.0362936574524917,1.2902059582637033
10,2.0,1,200,False,False,0.016666666666666666,1287,0.317335475848093,2.7247322363497384,0.43225021530428986,0.20494928853129712
10,2.0,1,200,False,False,0.16666666666666666,1573,1.0440443679304277,2.1120838828135016,1.5300698122158525,0.9262009412517914
10,2.0,1,200,False,False,0.5,1816,0.6450000810823905,1.5403670306093387,0.9244018987261636,0.4289395965076491
10,2.0,1,200,False,False,1.0,1941,0.5369864317537015,1.2961918207855705,0.746060262920697,0.3249663274714312
10,2.0,1,200,False,False,3.0,2073,0.376440654019271,1.0975597511597246,0.5137929348111863,0.1704231212720533
10,2.0,1,200,True,False,0.016666666666666666,1276,0.30799245780732953,2.683019757726277,0.41918302101974103,0.19840161232202289
10,2.0,1,200,True,False,0.16666666666666666,1556,0.9824520530370147,2.0432623998120967,1.4323751953761485,0.9131631588193871
10,2.0,1,200,True,False,0.5,1794,0.6759335891299958,1.5080863982546344,0.9688216857257337,0.45031275343744226
10,2.0,1,200,True,False,1.0,1918,0.5621442401130095,1.2649802886586177,0.7809753788291717,0.3477560624685608
10,2.0,1,200,True,False,3.0,2049,0.4139760769373064,1.0674277083342618,0.5650208002307323,0.19288782515365985
10,2.0,1,200,False,True,0.016666666666666666,1285,0.3110889996184722,2.7236711570680723,0.42362638142149167,0.1984698424718855
10,2.0,1,200,False,True,0.16666666666666666,1571,1.0237790167791707,2.112346172919235,1.4961289380613858,0.8888327992459663
10,2.0,1,200,False,True,0.5,1813,0.6506055915330176,1.5328255010711453,0.9316158314571009,0.39001332182754755
10,2.0,1,200,False,True,1.0,1937,0.5920224060347761,1.301436167021837,0.8259622827590755,0.32351873839056394
10,2.0,1,200,False,True,3.0,2069,0.38420187336597084,1.102112904148075,0.5268008102707432,0.1644300312715275
10,2.0,1,200,True,True,0.016666666666666666,1274,0.3017304042927647,2.6819521566909024,0.4105479226015577,0.1920036125047855
10,2.0,1,200,True,True,0.16666666666666666,1554,0.9616843857806957,2.0435251067184357,1.3979980795049032,0.8095642779166272
10,2.0,1,200,True,True,0.5,1791,0.681955579069536,1.5005244173038688,0.9765753480861875,0.40895209567318674
10,2.0,1,200,True,True,1.0,1914,0.6183668934933347,1.2702198650168495,0.8627454113936979,0.344423579229524
10,2.0,1,200,True,True,3.0,2045,0.42160847076324176,1.071973254099103,0.57812594925894,0.18531185800027264
10,2.0,3,200,False,False,0.016666666666666666,1287,0.317335475848093,2.7247322363497384,0.43225021530428986,0.20494928853129712
10,2.0,3,200,False,False,0.16666666666666666,1148,0.9039851580919651,2.538444920329916,1.267722212847291,1.0848898721175049
10,2.0,3,200,False,False,0.5,1072,0.7454128885349759,1.2535960321442634,1.0565706546206208,0.5766690309042366
10,2.0,3,200,False,False,1.0,1023,0.5522100182509004,1.0720273802144922,0.7645693658101397,0.3277837240514284
10,2.0,3,200,False,False,3.0,997,0.29666016127214745,0.8540731136081228,0.40527350090248065,0.16959373915730339
10,2.0,3,200,True,False,0.016666666666666666,1276,0.30799245780732953,2.683019757726277,0.41918302101974103,0.19840161232202289
10,2.0,3,200,True,False,0.16666666666666666,1139,0.8095443148117579,2.466174876420164,1.1263396007863953,0.9617775234610106
10,2.0,3,200,True,False,0.5,1063,0.7069005748256819,1.2516989717564573,0.9957581601410058,0.5108454150276114
10,2.0,3,200,True,False,1.0,1015,0.5303643679051963,1.1324639115516788,0.731774227431677,0.31330436759891683
10,2.0,3,200,True,False,3.0,990,0.31305940912023755,0.8867294736616119,0.42682032885172116,0.17743037919460103
10,2.0,3,200,False,True,0.016666666666666666,1285,0.3110889996184722,2.7236711570680723,0.42362638142149167,0.1984698424718855
10,2.0,3,200,False,True,0.16666666666666666,1146,0.883404247646809,2.5387157454548066,1.2353124628545775,1.0557906698714592
10,2.0,3,200,False,True,0.5,1070,0.7524892159194756,1.2535960321442634,1.0655077458426134,0.5771765400036087
10,2.0,3,200,False,True,1.0,1021,0.6030390720425369,1.0830141651505922,0.8377639538375523,0.3515140063534523
10,2.0,3,200,False,True,3.0,996,0.29899659943231643,0.8648000963147131,0.4086519870644987,0.17208245205918385
10,2.0,3,200,True,True,0.016666666666666666,1274,0.3017304042927647,2.6819521566909024,0.4105479226015577,0.1920036125047855
10,2.0,3,200,True,True,0.16666666666666666,1137,0.7883697376705919,2.4664467557960443,1.0936472711044825,0.8411417735007336
10,2.0,3,200,True,True,0.5,1061,0.713830909090681,1.2516989717564573,1.0043629687587994,0.5113266118433512
10,2.0,3,200,True,True,1.0,1013,0.5815386594682008,1.1435217421230104,0.8050374720810156,0.3258522431878678
10,2.0,3,200,True,True,3.0,989,0.3152845013036994,0.897504287712792,0.43006470762577875,0.179917237807756
10,2.0,5,200,False,False,0.016666666666666666,1287,0.317335475848093,2.7247322363497384,0.43225021530428986,0.20494928853129712
10,2.0,5,200,False,False,0.16666666666666666,1115,0.8935221798915604,2.5861009070623813,1.2543533986353959,0.9659766977182077
10,2.0,5,200,False,False,0.5,981,0.7462035482625715,1.3507736829092483,1.0504891785983972,0.7646792195380342
10,2.0,5,200,False,False,1.0,877,0.43074503657473007,1.3046934395840197,0.5895182509907845,0.2581111566521799
10,2.0,5,200,False,False,3.0,797,0.3257982850993758,0.843364843694135,0.44911078602784,0.19837638865315615
10,2.0,5,200,True,False,0.016666666666666666,1276,0.30799245780732953,2.683019757726277,0.41918302101974103,0.19840161232202289
10,2.0,5,200,True,False,0.16666666666666666,1107,0.7985314276575746,2.5382196602887555,1.1120857657504517,0.8560518106913398
10,2.0,5,200,True,False,0.5,974,0.7391859749981848,1.3446905232714343,1.037817262069462,0.6968509173570894
10,2.0,5,200,True,False,1.0,870,0.44381698462281777,1.3494077697542632,0.6055077206841002,0.26874016123003935
10,2.0,5,200,True,False,3.0,791,0.37630947117059155,0.9347253565810401,0.5182419800980411,0.225861598188058
10,2.0,5,200,False,True,0.016666666666666666,1285,0.3110889996184722,2.7236711570680723,0.42362638142149167,0.1984698424718855
10,2.0,5,200,False,True,0.16666666666666666,1113,0.8728084976049408,2.5863741785309218,1.2217339685908937,0.9396242344397646
10,2.0,5,200,False,True,0.5,979,0.7534659175929426,1.3507736829092483,1.0594849366297991,0.7623059818441504
10,2.0,5,200,False,True,1.0,875,0.4787167396617223,1.3154119171506835,0.6570174874121254,0.2671894471348573
10,2.0,5,200,False,True,3.0,796,0.32793588160309606,0.8522861067791456,0.4521980387355718,0.20090189677593287
10,2.0,5,200,True,True,0.016666666666666666,1274,0.3017304042927647,2.6819521566909024,0.4105479226015577,0.1920036125047855
10,2.0,5,200,True,True,0.16666666666666666,1105,0.777213890161103,2.5384938017140577,1.0791784189267173,0.8250548212060231
10,2.0,5,200,True,True,0.5,972,0.7465351757255827,1.3446905232714343,1.0468516293862724,0.6862159838252949
10,2.0,5,200,True,True,1.0,868,0.49267491224627674,1.3601735206393442,0.6740176499211135,0.2745000889437259
10,2.0,5,200,True,True,3.0,790,0.3781284731073296,0.9437409424092307,0.5209178941707502,0.22837038104410665
10,2.0,10,200,False,False,0.016666666666666666,1287,0.317335475848093,2.7247322363497384,0.43225021530428986,0.20494928853129712
10,2.0,10,200,False,False,0.16666666666666666,1109,0.8935221798915604,2.513019674188347,1.2543533986353959,0.9659766977182077
10,2.0,10,200,False,False,0.5,944,0.6254524727066942,1.78397410826805,0.8773753399282476,0.47122752699797077
10,2.0,10,200,False,False,1.0,815,0.3797447131599093,1.7048547676144035,0.5187159090132637,0.18777167393041377
10,2.0,10,200,False,False,3.0,690,0.5921651652759471,1.289738757645501,0.8265698547873076,0.326672662902925
10,2.0,10,200,True,False,0.016666666666666666,1276,0.30799245780732953,2.683019757726277,0.41918302101974103,0.19840161232202289
10,2.0,10,200,True,False,0.16666666666666666,1101,0.7985314276575746,2.4960203071380582,1.1120857657504517,0.8560518106913398
10,2.0,10,200,True,False,0.5,937,0.6171597856098384,1.787741873370574,0.8633950496440258,0.4361138856630751
10,2.0,10,200,True,False,1.0,808,0.3636707318340619,1.7668855852101304,0.49504477930056867,0.18106002105069635
10,2.0,10,200,True,False,3.0,688,0.5847056025796115,1.3647924665341147,0.8147809804872129,0.31880864862999997
10,2.0,10,200,False,True,0.016666666666666666,1285,0.3110889996184722,2.7236711570680723,0.42362638142149167,0.1984698424718855
10,2.0,10,200,False,True,0.16666666666666666,1107,0.8728084976049408,2.5132933909010413,1.2217339685908937,0.9396242344397646
10,2.0,10,200,False,True,0.5,942,0.631588099531888,1.78397410826805,0.88491973213679,0.4670276792520865
10,2.0,10,200,False,True,1.0,813,0.4256281849883701,1.7151504301448854,0.5829108823661944,0.2069189439769335
10,2.0,10,200,False,True,3.0,689,0.5928129490817287,1.2946706373015773,0.8275936418192076,0.3288168002950525
10,2.0,10,200,True,True,0.016666666666666666,1274,0.3017304042927647,2.6819521566909024,0.4105479226015577,0.1920036125047855
10,2.0,10,200,True,True,0.16666666666666666,1099,0.777213890161103,2.4962950540221747,1.0791784189267173,0.8250548212060231
10,2.0,10,200,True,True,0.5,935,0.6233458203671576,1.787741873370574,0.8709444824669133,0.42845496696711616
10,2.0,10,200,True,True,1.0,806,0.4099029805801086,1.777234099320629,0.5593968042573889,0.20056862914026446
10,2.0,10,200,True,True,3.0,687,0.5853725363682707,1.3697989897150973,0.8158453405123416,0.32094695207833934
10,1.0,1,500,False,False,0.016666666666666666,7070,1.8886004616700922,3.9925116736380173,5.143689162674713,4.268986496492418
10,1.0,1,500,False,False,0.16666666666666666,8606,1.6207135538023052,3.493425968768581,2.454747846216598,2.1805776855241086
10,1.0,1,500,False,False,0.5,10226,1.279658854042115,2.597466199260933,1.8733039862800194,1.11930804591383
10,1.0,1,500,False,False,1.0,11188,1.4987692340182095,1.9874077698796542,2.1872465712494957,1.3392305550233528
10,1.0,1,500,False,False,3.0,12137,1.0258819777235348,1.7663864613729898,1.4628490925119084,0.7416511696089582
10,1.0,1,500,True,False,0.016666666666666666,7026,1.8548952210666168,4.13465530375628,5.050323390514524,4.188669374269336
10,1.0,1,500,True,False,0.16666666666666666,8543,1.5942501323314608,3.588078366692013,2.415405740732597,2.211842937325232
10,1.0,1,500,True,False,0.5,10145,1.3018432285833155,2.6791745960246214,1.9109118670290752,1.132566267103792
10,1.0,1,500,True,False,1.0,11097,1.466943521622595,2.0428668240664147,2.1427809647430593,1.304039875707897
10,1.0,1,500,True,False,3.0,12043,1.031932163307144,1.8187270207344381,1.4732587345873194,0.7417510664907339
10,1.0,1,500,False,True,0.016666666666666666,7053,1.8728106385914731,3.9384717182416917,5.090761414884453,4.233619311012731
10,1.0,1,500,False,True,0.16666666666666666,8588,1.5917538036636734,3.5409228627098557,2.406482679666928,2.1762761209569432
10,1.0,1,500,False,True,0.5,10206,1.2842780470093824,2.6448782550804792,1.8795691306779967,1.1208167916280642
10,1.0,1,500,False,True,1.0,11167,1.4964435537074103,2.0499675354799565,2.1843438430883455,1.337069601674133
10,1.0,1,500,False,True,3.0,12118,1.0228664196026753,1.78939585115949,1.4603392642618183,0.7411016817546758
10,1.0,1,500,True,True,0.016666666666666666,7009,1.839083858586928,4.083833553892758,4.997512463534121,4.153281817215738
10,1.0,1,500,True,True,0.16666666666666666,8525,1.5650931829744943,3.637449022156808,2.366852118143593,2.16861354106293
10,1.0,1,500,True,True,0.5,10125,1.306570003847553,2.7276714454454893,1.9173554961318418,1.1340779294710783
10,1.0,1,500,True,True,1.0,11076,1.4645983329471128,2.106285394187359,2.1398447246309873,1.3018720046461025
10,1.0,1,500,True,True,3.0,12024,1.0288732905328348,1.842264682140421,1.4707119344286033,0.7412015861017579
10,1.0,3,500,False,False,0.016666666666666666,7070,1.8886004616700922,3.9925116736380173,5.143689162674713,4.268986496492418
10,1.0,3,500,False,False,0.16666666666666666,6297,2.130703739671122,3.863232001138487,3.315293680027358,2.9623071826059886
10,1.0,3,500,False,False,0.5,5656,1.4925517201218383,3.2238705488046806,2.197649586406482,1.7058093199200801
10,1.0,3,500,False,False,1.0,5340,1.771798322238427,2.491206665015452,2.5894438039964465,1.8593735447020907
10,1.0,3,500,False,False,3.0,5123,1.582043055542166,2.235688053363299,2.3045891557626557,1.390178450686597
10,1.0,3,500,True,False,0.016666666666666666,7026,1.8548952210666168,4.13465530375628,5.050323390514524,4.188669374269336
10,1.0,3,500,True,False,0.16666666666666666,6265,2.042144664848126,4.053619443508441,3.1683752604742486,3.0741143922199954
10,1.0,3,500,True,False,0.5,5625,1.5563120134608288,3.3103068562706186,2.3030515417862296,1.8209376388155083
10,1.0,3,500,True,False,1.0,5313,1.6791378577316654,2.5930161441893977,2.454683344140137,1.68649006823147
10,1.0,3,500,True,False,3.0,5100,1.549029296901165,2.3306041068673378,2.257513795566096,1.3554175945374816
10,1.0,3,500,False,True,0.016666666666666666,7053,1.8728106385914731,3.9384717182416917,5.090761414884453,4.233619311012731
10,1.0,3,500,False,True,0.16666666666666666,6283,2.115371025459301,3.9137383159178403,3.287475559315611,2.9941920304926852
10,1.0,3,500,False,True,0.5,5643,1.5142461227995045,3.2214171848212567,2.2302257467751416,1.7263635692376775
10,1.0,3,500,False,True,1.0,5330,1.7566805392253764,2.534721078307739,2.5668290760648667,1.8446427575512883
10,1.0,3,500,False,True,3.0,5116,1.5424090715583976,2.2518249883793784,2.245041485414407,1.3594895867291106
10,1.0,3,500,True,True,0.016666666666666666,7009,1.839083858586928,4.083833553892758,4.997512463534121,4.153281817215738
10,1.0,3,500,True,True,0.16666666666666666,6251,2.026614090041016,4.107745348123604,3.140447120488863,3.1110226387992217
10,1.0,3,500,True,True,0.5,5612,1.578413292396115,3.30861913881203,2.336486724598364,1.842196617340794
10,1.0,3,500,True,True,1.0,5303,1.663895127111042,2.6375731118378116,2.43189771941756,1.6722184145716479
10,1.0,3,500,True,True,3.0,5093,1.509178171283792,2.347405858623189,2.197634707371294,1.3246111489290289
10,1.0,5,500,False,False,0.016666666666666666,7070,1.8886004616700922,3.9925116736380173,5.143689162674713,4.268986496492418
10,1.0,5,500,False,False,0.16666666666666666,6146,2.3145920149986146,3.9169191932887544,3.657732150394603,3.1826246672434144
10,1.0,5,500,False,False,0.5,5159,1.2331351916549784,2.8016299334885035,1.7940657160244773,1.021549328010525
10,1.0,5,500,False,False,1.0,4519,1.7745543116153673,2.030892651530078,2.600632247248716,1.65753741130995
10,1.0,5,500,False,False,3.0,3861,1.3717836262846546,1.7390741510452974,1.979805016977823,0.9945033038611176
10,1.0,5,500,True,False,0.016666666666666666,7026,1.8548952210666168,4.13465530375628,5.050323390514524,4.188669374269336
10,1.0,5,500,True,False,0.16666666666666666,6117,2.1816392677925953,4.094143980510114,3.4303903512595966,3.2476416613933456
10,1.0,5,500,True,False,0.5,5131,1.3204504369320487,2.9051236270722063,1.9315743437272597,1.1062419739774518
10,1.0,5,500,True,False,1.0,4504,1.6955517565278229,2.043184126968367,2.4868387244726935,1.5759087791637427
10,1.0,5,500,True,False,3.0,3849,1.3934280163979522,1.7342930924850477,2.013325480013026,1.0028286870313816
10,1.0,5,500,False,True,0.016666666666666666,7053,1.8728106385914731,3.9384717182416917,5.090761414884453,4.233619311012731
10,1.0,5,500,False,True,0.16666666666666666,6133,2.299437215215148,3.969381377465919,3.6293761447121717,3.218904762328238
10,1.0,5,500,False,True,0.5,5146,1.2542290789946515,2.798890640508483,1.82517908722491,1.036486654928405
10,1.0,5,500,False,True,1.0,4510,1.759425543098127,2.061283118465379,2.5779340408626052,1.64441733585149
10,1.0,5,500,False,True,3.0,3852,1.3471689324918745,1.792649790888026,1.9440675744847535,0.9797710376146569
10,1.0,5,500,True,True,0.016666666666666666,7009,1.839083858586928,4.083833553892758,4.997512463534121,4.153281817215738
10,1.0,5,500,True,True,0.16666666666666666,6104,2.166208280340528,4.150129179501819,3.4019286506480317,3.2883060747880597
10,1.0,5,500,True,True,0.5,5118,1.3419991687573345,2.9032747156928305,1.9636084273932268,1.1215022098504084
10,1.0,5,500,True,True,1.0,4495,1.6802955622595677,2.073918985128072,2.4639487134896347,1.5626979111290198
10,1.0,5,500,True,True,3.0,3840,1.3685822128744276,1.788193873069993,1.9771972885814146,0.9881133975593859
10,1.0,10,500,False,False,0.016666666666666666,7070,1.8886004616700922,3.9925116736380173,5.143689162674713,4.268986496492418
10,1.0,10,500,False,False,0.16666666666666666,6125,2.3102454643942996,3.91614380450015,3.648101540973667,3.173139749956478
10,1.0,10,500,False,False,0.5,4989,1.1529052212367408,2.507276302267645,1.6692126969447756,0.9496674659116142
10,1.0,10,500,False,False,1.0,4156,1.7052878463457095,1.6477311162607147,2.493362095529399,1.6409713340677758
10,1.0,10,500,False,False,3.0,3102,1.5176281087691277,1.5187975527187445,2.197570845818184,0.9587455219568904
10,1.0,10,500,True,False,0.016666666666666666,7026,1.8548952210666168,4.13465530375628,5.050323390514524,4.188669374269336
10,1.0,10,500,True,False,0.16666666666666666,6097,2.1771130582628206,4.093393151757413,3.4206298984088495,3.2372717413645873
10,1.0,10,500,True,False,0.5,4965,1.2486550369817304,2.6323698220234326,1.819236189750234,1.0405410083400148
10,1.0,10,500,True,False,1.0,4149,1.6399586078127586,1.6326471539366194,2.399990275299843,1.569716525306183
10,1.0,10,500,True,False,3.0,3101,1.5309404360544245,1.5565904073124375,2.2195545303284367,0.9605477233602159
10,1.0,10,500,False,True,0.016666666666666666,7053,1.8728106385914731,3.9384717182416917,5.090761414884453,4.233619311012731
10,1.0,10,500,False,True,0.16666666666666666,6112,2.295069409642447,3.9686579503938035,3.619729143430359,3.2092306651814613
10,1.0,10,500,False,True,0.5,4976,1.1740572737270691,2.5034732112379343,1.7002060621262747,0.9646943219877778
10,1.0,10,500,False,True,1.0,4149,1.690180660941964,1.6729923430131506,2.470771818599224,1.6274396870478145
10,1.0,10,500,False,True,3.0,3095,1.5109417025693057,1.5839156745640512,2.1881889784544564,0.9569365196434207
10,1.0,10,500,True,True,0.016666666666666666,7009,1.839083858586928,4.083833553892758,4.997512463534121,4.153281817215738
10,1.0,10,500,True,True,0.16666666666666666,6084,2.161659698174138,4.149435994504855,3.392151633601412,3.2777117197100676
10,1.0,10,500,True,True,0.5,4952,1.2702630853306982,2.6296344815892545,1.8511778621059751,1.0558824517875804
10,1.0,10,500,True,True,1.0,4142,1.6247261475332333,1.6580554509399525,2.377205988567034,1.5561050834801666
10,1.0,10,500,True,True,3.0,3094,1.5241528409668095,1.6225178524351782,2.210008976498928,0.9587392308680526
10,1.5,1,500,False,False,0.016666666666666666,3140,1.63016946321602,3.0717131220370373,2.8763853647573403,2.3414643977620035
10,1.5,1,500,False,False,0.16666666666666666,3831,1.4093349472479704,3.3491385942681555,2.1213636262381153,1.3776250657977176
10,1.5,1,500,False,False,0.5,4483,0.7547500138689636,2.4234548104072853,1.081192298243435,0.47368152358795107
10,1.5,1,500,False,False,1.0,4858,0.6754287405006335,2.037624798249647,0.9497732851339205,0.3542289630953075
10,1.5,1,500,False,False,3.0,5196,0.835238618604581,2.101252036937364,1.1712190060303929,0.474767092609989
10,1.5,1,500,True,False,0.016666666666666666,3118,1.6170454270926946,3.232524377621024,2.8535316763643355,2.316764789978974
10,1.5,1,500,True,False,0.16666666666666666,3805,1.355545796190615,3.4056232982682157,2.0355959033858406,1.3372058227417065
10,1.5,1,500,True,False,0.5,4451,0.7767336803433338,2.512109277444158,1.1142203036034994,0.5126077889395002
10,1.5,1,500,True,False,1.0,4823,0.6942014506287625,2.1167893194298375,0.9767884014079076,0.37488641109300697
10,1.5,1,500,True,False,3.0,5158,0.8389772464873674,2.1775310942422874,1.1771225070503306,0.4741283966801044
10,1.5,1,500,False,True,0.016666666666666666,3133,1.620828995743308,3.076490971327499,2.8592298755072574,2.3267678796133
10,1.5,1,500,False,True,0.16666666666666666,3825,1.386759379513935,3.3456222398997686,2.084069633755217,1.352650625109851
10,1.5,1,500,False,True,0.5,4476,0.7418681660751858,2.421693753854628,1.0616944173086547,0.4504656840336264
10,1.5,1,500,False,True,1.0,4851,0.6435593520145337,2.049433503419794,0.9038138026969518,0.33688538616365127
10,1.5,1,500,False,True,3.0,5190,0.8318372974243625,2.099962419265703,1.1685402513231788,0.47397154952068005
10,1.5,1,500,True,True,0.016666666666666666,3111,1.6076755448808944,3.2373555125395006,2.836324554457669,2.3020663969391397
10,1.5,1,500,True,True,0.16666666666666666,3799,1.3326873462101896,3.40209815050047,1.9980357144368583,1.311787458191981
10,1.5,1,500,True,True,0.5,4444,0.7638949316591804,2.510327096836903,1.0947232613445008,0.4740152499793368
10,1.5,1,500,True,True,1.0,4816,0.6621458981313122,2.1286351063076205,0.9304888962599928,0.35717499504433736
10,1.5,1,500,True,True,3.0,5152,0.8355355974910047,2.1762441451163714,1.174418901395337,0.4733327915508671
10,1.5,3,500,False,False,0.016666666666666666,3140,1.63016946321602,3.0717131220370373,2.8763853647573403,2.3414643977620035
10,1.5,3,500,False,False,0.16666666666666666,2791,1.6745092087899898,2.7701071995345723,2.656622207548104,2.478655740099227
10,1.5,3,500,False,False,0.5,2563,1.373996075891162,2.0240013185125947,2.0518897782201924,1.499869188775243
10,1.5,3,500,False,False,1.0,2425,1.3803315364156086,1.8698216946971824,2.0232457691020524,1.2693716489905018
10,1.5,3,500,False,False,3.0,2353,1.089181780503368,1.827586599091613,1.5614600981611466,0.6654768622652981
10,1.5,3,500,True,False,0.016666666666666666,3118,1.6170454270926946,3.232524377621024,2.8535316763643355,2.316764789978974
10,1.5,3,500,True,False,0.16666666666666666,2772,1.5998273651698809,2.8586607618335678,2.5287832348811903,2.3587422571839483
10,1.5,3,500,True,False,0.5,2548,1.3607025682015055,2.137289052172964,2.032444586682817,1.6204306687647565
10,1.5,3,500,True,False,1.0,2412,1.3816854083658434,2.00006826865627,2.024943914074249,1.26297673607091
10,1.5,3,500,True,False,3.0,2340,1.1108221460582695,1.935513506415922,1.5926324123439337,0.6742439141239125
10,1.5,3,500,False,True,0.016666666666666666,3133,1.620828995743308,3.076490971327499,2.8592298755072574,2.3267678796133
10,1.5,3,500,False,True,0.16666666666666666,2785,1.6530923829157265,2.766537944523101,2.61898336174546,2.442031519583797
10,1.5,3,500,False,True,0.5,2557,1.364702855248777,2.0179972567044104,2.036664833658761,1.4832131705768097
10,1.5,3,500,False,True,1.0,2420,1.350417467567074,1.8748438568956884,1.9769761818092355,1.2414624329564299
10,1.5,3,500,False,True,3.0,2352,1.0793516011217428,1.830005187735963,1.5469553938332856,0.662125127461858
10,1.5,3,500,True,True,0.016666666666666666,3111,1.6076755448808944,3.2373555125395006,2.836324554457669,2.3020663969391397
10,1.5,3,500,True,True,0.16666666666666666,2766,1.57813138930597,2.855071459450956,2.490948374960383,2.2402658338462396
10,1.5,3,500,True,True,0.5,2542,1.3513293071269379,2.131251088433559,2.017097856665604,1.6021459548341836
10,1.5,3,500,True,True,1.0,2407,1.351596113285541,2.005166188404885,1.9783913901747465,1.2350562735039479
10,1.5,3,500,True,True,3.0,2339,1.1008242120961198,1.9379641901665843,1.577871386373886,0.6708956717487162
10,1.5,5,500,False,False,0.016666666666666666,3140,1.63016946321602,3.0717131220370373,2.8763853647573403,2.3414643977620035
10,1.5,5,500,False,False,0.16666666666666666,2719,1.7274685357907724,2.6663777661910655,2.7608072019564336,2.394877422581408
10,1.5,5,500,False,False,0.5,2340,1.2320733647989324,2.093324563842902,1.8215562791488846,1.1555315168378413
10,1.5,5,500,False,False,1.0,2092,1.4334899447795981,2.0402377395233144,2.1331940738442894,1.4336096785038912
10,1.5,5,500,False,False,3.0,1835,1.483074689959217,1.9836339993606658,2.1690348399908586,0.9639668930758089
10,1.5,5,500,True,False,0.016666666666666666,3118,1.6170454270926946,3.232524377621024,2.8535316763643355,2.316764789978974
10,1.5,5,500,True,False,0.16666666666666666,2701,1.652334848996259,2.7705910197548675,2.63084523306366,2.281370962657553
10,1.5,5,500,True,False,0.5,2327,1.2399381103922984,2.177995859504702,1.8367953255640446,1.2494553332093954
10,1.5,5,500,True,False,1.0,2083,1.4706147806124776,2.1413559732309353,2.1894087995772233,1.4606238755700802
10,1.5,5,500,True,False,3.0,1829,1.5134640970874609,2.083885563232258,2.214745157021335,0.9776012170239363
10,1.5,5,500,False,True,0.016666666666666666,3133,1.620828995743308,3.076490971327499,2.8592298755072574,2.3267678796133
10,1.5,5,500,False,True,0.16666666666666666,2713,1.7059895824516487,2.662811748145971,2.7226320281416876,2.3602099879364835
10,1.5,5,500,False,True,0.5,2334,1.2220671015453224,2.0874192320247973,1.8053960560357678,1.1410456766424715
10,1.5,5,500,False,True,1.0,2087,1.4038163259127185,2.047250847680278,2.086512511535593,1.4034984091967717
10,1.5,5,500,False,True,3.0,1832,1.4744688067874372,1.9907553054069316,2.15559863968792,0.9619923875121471
10,1.5,5,500,True,True,0.016666666666666666,3111,1.6076755448808944,3.2373555125395006,2.836324554457669,2.3020663969391397
10,1.5,5,500,True,True,0.16666666666666666,2695,1.6305701717268892,2.767006261844353,2.592463708931034,2.246605003279092
10,1.5,5,500,True,True,0.5,2321,1.2299542486871935,2.1720431461955383,1.82064631930935,1.2338305725782523
10,1.5,5,500,True,True,1.0,2078,1.4408151669647977,2.148459348654824,2.1424210941685526,1.430559793470845
10,1.5,5,500,True,True,3.0,1826,1.5046697319462292,2.0910834697655982,2.2009883778414348,0.9756296961921078
10,1.5,10,500,False,False,0.016666666666666666,3140,1.63016946321602,3.0717131220370373,2.8763853647573403,2.3414643977620035
10,1.5,10,500,False,False,0.16666666666666666,2708,1.7260255622882823,2.5698170870110806,2.7597229240512755,2.3919273114866937
10,1.5,10,500,False,False,0.5,2258,1.334038466894621,1.830831844167166,1.991914026218008,1.1650517714573607
10,1.5,10,500,False,False,1.0,1928,1.401127779545767,1.713637781643839,2.069996942293744,1.3242831775287527
10,1.5,10,500,False,False,3.0,1524,1.3021722896485644,1.5687225620451706,1.8880832738857196,0.7765909065619797
10,1.5,10,500,True,False,0.016666666666666666,3118,1.6170454270926946,3.232524377621024,2.8535316763643355,2.316764789978974
10,1.5,10,500,True,False,0.16666666666666666,2690,1.6508551045154234,2.6817970506390107,2.6296488702652567,2.278412472457357
10,1.5,10,500,True,False,0.5,2245,1.342421000488549,1.9287032318916737,2.008688338297248,1.253704202389839
10,1.5,10,500,True,False,1.0,1919,1.4175203511523875,1.7820427568143755,2.0944665170176804,1.3817126594153806
10,1.5,10,500,True,False,3.0,1521,1.2846070586682232,1.6900910566354164,1.861930021723248,0.7631913427225638
10,1.5,10,500,False,True,0.016666666666666666,3133,1.620828995743308,3.076490971327499,2.8592298755072574,2.3267678796133
10,1.5,10,500,False,True,0.16666666666666666,2702,1.7045355108150957,2.56628176942155,2.7215156434655827,2.357257321531608
10,1.5,10,500,False,True,0.5,2252,1.3245029338961025,1.8250520761273203,1.976321352560376,1.1514817488915294
10,1.5,10,500,False,True,1.0,1924,1.371481783463355,1.7153484128848744,2.0237617500986134,1.295870714495428
10,1.5,10,500,False,True,3.0,1523,1.2976194325212598,1.5703576048029362,1.8809620586884186,0.7765917085323741
10,1.5,10,500,True,True,0.016666666666666666,3111,1.6076755448808944,3.2373555125395006,2.836324554457669,2.3020663969391397
10,1.5,10,500,True,True,0.16666666666666666,2684,1.6290789200782063,2.678243185499911,2.591234701018995,2.2436439393476837
10,1.5,10,500,True,True,0.5,2239,1.332915201161697,1.9228671485212232,1.9931237071498389,1.2391350960386993
10,1.5,10,500,True,True,1.0,1915,1.3877174362560754,1.7837938848905777,2.0479339342372533,1.3522319528044888
10,1.5,10,500,True,True,3.0,1520,1.2800734925287103,1.6917792220027321,1.8548467934721693,0.7631921460428749
10,2.0,1,500,False,False,0.016666666666666666,1125,-0.5485233179264213,2.5959577392913755,-0.6685737464242326,-0.30427204218228093
10,2.0,1,500,False,False,0.16666666666666666,1367,-0.010216466795848483,2.3692533605676176,-0.013311991717730266,-0.006346926409389412
10,2.0,1,500,False,False,0.5,1582,0.08939455033877937,1.8318202330010516,0.12141793358976778,0.04527843258545944
10,2.0,1,500,False,False,1.0,1692,0.11896136283904755,1.7174768408707377,0.16122159900765504,0.059466146633628925
10,2.0,1,500,False,False,3.0,1810,-0.1661583053875967,1.4226449140924113,-0.2198062107794761,-0.06416391781240946
10,2.0,1,500,True,False,0.016666666666666666,1118,-0.5402601678363933,2.5853347297107523,-0.6581671229157435,-0.30361879890839966
10,2.0,1,500,True,False,0.16666666666666666,1358,-0.05988899858735328,2.3747925076438463,-0.07749089014074836,-0.03602981705624022
10,2.0,1,500,True,False,0.5,1570,0.15841780503428407,1.8566819412158873,0.21560928323649284,0.0875076476949469
10,2.0,1,500,True,False,1.0,1679,0.18965034958506996,1.740995967884122,0.25761489494816386,0.10266066838154365
10,2.0,1,500,True,False,3.0,1796,-0.1258593204413723,1.4446702057744243,-0.16663001250872908,-0.050131568576333295
10,2.0,1,500,False,True,0.016666666666666666,1124,-0.5644607999092164,2.5960232645672274,-0.6877396002118152,-0.30535065073011836
10,2.0,1,500,False,True,0.16666666666666666,1366,-0.06511343771951018,2.3695166531950806,-0.08447483513946498,-0.036711118464697906
10,2.0,1,500,False,True,0.5,1580,0.03396412763172045,1.8478681671564592,0.04594134189523177,0.015859295589287576
10,2.0,1,500,False,True,1.0,1689,0.06772097310562487,1.733376114031776,0.09148023245460335,0.03143830087867649
10,2.0,1,500,False,True,3.0,1807,-0.1770566802925133,1.4438336767145055,-0.23528117527052123,-0.06518334971880706
10,2.0,1,500,True,True,0.016666666666666666,1117,-0.5562214022946568,2.585400266486073,-0.6773551219631083,-0.30472860992211476
10,2.0,1,500,True,True,0.16666666666666666,1357,-0.11576419313240753,2.3750559798787942,-0.149121397816107,-0.06330474830594883
10,2.0,1,500,True,True,0.5,1568,0.10245300004849003,1.8727441199680386,0.13885003627008233,0.05174637923872731
10,2.0,1,500,True,True,1.0,1676,0.1379876715401078,1.7569088968735418,0.1868134025623636,0.06889407660276764
10,2.0,1,500,True,True,3.0,1793,-0.13708236130641033,1.4658789465419677,-0.1823227099524883,-0.051946698092268415
10,2.0,3,500,False,False,0.016666666666666666,1125,-0.5485233179264213,2.5959577392913755,-0.6685737464242326,-0.30427204218228093
10,2.0,3,500,False,False,0.16666666666666666,1004,-0.08850581189551081,2.2402406383547526,-0.11153647755348478,-0.05392680175751339
10,2.0,3,500,False,False,0.5,918,0.3718842262519025,2.1622354794604934,0.505521842904233,0.3212294186265388
10,2.0,3,500,False,False,1.0,884,0.13251514601329112,1.8747739561391779,0.1766620331739659,0.07416206781606796
10,2.0,3,500,False,False,3.0,864,-0.034963908328996415,1.730629151682821,-0.04682980940136119,-0.016214383300060906
10,2.0,3,500,True,False,0.016666666666666666,1118,-0.5402601678363933,2.5853347297107523,-0.6581671229157435,-0.30361879890839966
10,2.0,3,500,True,False,0.16666666666666666,997,-0.10912218573367756,2.2064978419056316,-0.1366060525721784,-0.06348650856038014
10,2.0,3,500,True,False,0.5,913,0.38088179307176506,2.204067858742532,0.5159769160512987,0.3045090127561958
10,2.0,3,500,True,False,1.0,878,0.16142357805086593,1.9122763329481058,0.21467069876103578,0.09537165591233876
10,2.0,3,500,True,False,3.0,859,0.0008723007216561777,1.7628724258084927,0.001166723889806387,0.0004004866290781927
10,2.0,3,500,False,True,0.016666666666666666,1124,-0.5644607999092164,2.5960232645672274,-0.6877396002118152,-0.30535065073011836
10,2.0,3,500,False,True,0.16666666666666666,1003,-0.14331543087914372,2.2405006931515823,-0.17983775234130256,-0.07944918066717176
10,2.0,3,500,False,True,0.5,917,0.3204658705073943,2.1628825083793637,0.43395411364266656,0.2438227269950779
10,2.0,3,500,False,True,1.0,882,0.08532894241717576,1.8809506517113694,0.11343018529717185,0.04426637580565226
10,2.0,3,500,False,True,3.0,864,-0.05178816176539215,1.750202681301141,-0.06939695150387905,-0.02288034570498404
10,2.0,3,500,True,True,0.016666666666666666,1117,-0.5562214022946568,2.585400266486073,-0.6773551219631083,-0.30472860992211476
10,2.0,3,500,True,True,0.16666666666666666,996,-0.16477022700699184,2.2067582825336634,-0.20536567660329114,-0.08745607067237225
10,2.0,3,500,True,True,0.5,912,0.3286085574823294,2.204716154532389,0.4433931270119237,0.23294998369048114
10,2.0,3,500,True,True,1.0,876,0.11347188144862455,1.9184601390949154,0.15045380049072168,0.06180582177379693
10,2.0,3,500,True,True,3.0,859,-0.01650114448193343,1.7824743469395488,-0.022082050292616423,-0.007217392516711368
10,2.0,5,500,False,False,0.016666666666666666,1125,-0.5485233179264213,2.5959577392913755,-0.6685737464242326,-0.30427204218228093
10,2.0,5,500,False,False,0.16666666666666666,976,-0.28748641512007006,2.6258850732104104,-0.35614562169821634,-0.18068339664443933
10,2.0,5,500,False,False,0.5,840,0.20912467939689455,2.5291063505616247,0.28067836307600796,0.16875191989350463
10,2.0,5,500,False,False,1.0,763,-0.1284362120277313,2.345117066049907,-0.16771997540510344,-0.06190309938912965
10,2.0,5,500,False,False,3.0,691,0.09445500912878847,1.7260702564272405,0.12741490269787367,0.04221669299408786
10,2.0,5,500,True,False,0.016666666666666666,1118,-0.5402601678363933,2.5853347297107523,-0.6581671229157435,-0.30361879890839966
10,2.0,5,500,True,False,0.16666666666666666,970,-0.31011956405922786,2.607312590319523,-0.3816758459044804,-0.18619800128477956
10,2.0,5,500,True,False,0.5,835,0.2152176910238415,2.581315537462725,0.28776777227613004,0.1716091581003142
10,2.0,5,500,True,False,1.0,757,-0.10063305250263027,2.4196780507444218,-0.13100152376866703,-0.05123490583696188
10,2.0,5,500,True,False,3.0,687,0.16469150700297627,1.7489090945044792,0.22202972907269358,0.0770445433467252
10,2.0,5,500,False,True,0.016666666666666666,1124,-0.5644607999092164,2.5960232645672274,-0.6877396002118152,-0.30535065073011836
10,2.0,5,500,False,True,0.16666666666666666,975,-0.3417936140235125,2.6261478369428386,-0.421699504119905,-0.1954081455873017
10,2.0,5,500,False,True,0.5,839,0.15721103557748298,2.5297339896716724,0.21019587833974246,0.11267396859790263
10,2.0,5,500,False,True,1.0,762,-0.17539667865144365,2.3462380832625236,-0.22841345980183062,-0.07927998053410668
10,2.0,5,500,False,True,3.0,692,0.07439429399797216,1.727861098496744,0.10038424936269404,0.03353640080941843
10,2.0,5,500,True,True,0.016666666666666666,1117,-0.5562214022946568,2.585400266486073,-0.6773551219631083,-0.30472860992211476
10,2.0,5,500,True,True,0.16666666666666666,969,-0.36523736296254644,2.60757550374802,-0.44763463983406016,-0.2000292108369291
10,2.0,5,500,True,True,0.5,834,0.16242202664672803,2.581946539542408,0.21631537719175864,0.11494261715419651
10,2.0,5,500,True,True,1.0,756,-0.14837498548497757,2.4208046310708347,-0.1925997540702552,-0.07051197195952046
10,2.0,5,500,True,True,3.0,688,0.143747690088472,1.7507104016636144,0.19385612658708135,0.06784093894217912
10,2.0,10,500,False,False,0.016666666666666666,1125,-0.5485233179264213,2.5959577392913755,-0.6685737464242326,-0.30427204218228093
10,2.0,10,500,False,False,0.16666666666666666,970,-0.28748641512007006,2.534860223098033,-0.35614562169821634,-0.18068339664443933
10,2.0,10,500,False,False,0.5,811,0.22819899699941507,2.5237591355453484,0.3080401665381924,0.17348540751455457
10,2.0,10,500,False,False,1.0,705,-0.03148022271367522,2.427760861858832,-0.04145867869843091,-0.016122774141916367
10,2.0,10,500,False,False,3.0,586,0.23585962955959977,1.9205007243950656,0.3211106300715172,0.11130218890654507
10,2.0,10,500,True,False,0.016666666666666666,1118,-0.5402601678363933,2.5853347297107523,-0.6581671229157435,-0.30361879890839966
10,2.0,10,500,True,False,0.16666666666666666,964,-0.31011956405922786,2.5161482534474393,-0.3816758459044804,-0.18619800128477956
10,2.0,10,500,True,False,0.5,806,0.23451600821820345,2.560033771320975,0.3154493766721429,0.176172408798537
10,2.0,10,500,True,False,1.0,699,-0.02603200940899213,2.4902745577280543,-0.03417585565682658,-0.013874373352652613
10,2.0,10,500,True,False,3.0,586,0.2527907967015683,1.9305316450454724,0.34371963599053273,0.1271232697150725
10,2.0,10,500,False,True,0.016666666666666666,1124,-0.5644607999092164,2.5960232645672274,-0.6877396002118152,-0.30535065073011836
10,2.0,10,500,False,True,0.16666666666666666,969,-0.3417936140235125,2.53512427172753,-0.421699504119905,-0.1954081455873017
10,2.0,10,500,False,True,0.5,810,0.17689458535014227,2.524378387659148,0.2378923327393585,0.12033809127898593
10,2.0,10,500,False,True,1.0,704,-0.07681762073683521,2.428802699656118,-0.10090441060632371,-0.0392789217303723
10,2.0,10,500,False,True,3.0,587,0.2157729828708542,1.9221003609821778,0.2938059642918347,0.10262018215790014
10,2.0,10,500,True,True,0.016666666666666666,1117,-0.5562214022946568,2.585400266486073,-0.6773551219631083,-0.30472860992211476
10,2.0,10,500,True,True,0.16666666666666666,963,-0.36523736296254644,2.5164124541302484,-0.44763463983406016,-0.2000292108369291
10,2.0,10,500,True,True,0.5,805,0.1823609104948167,2.5606566673417928,0.24434557023109313,0.12250344551215735
10,2.0,10,500,True,True,1.0,698,-0.07215302980024359,2.491320898573871,-0.09447089663391893,-0.03790332063688095
10,2.0,10,500,True,True,3.0,587,0.23228452045249878,1.9321378564922402,0.3158898353809324,0.11774858886620455
20,1.0,1,200,False,False,0.016666666666666666,7503,1.9728646418953302,2.674386337033849,4.963889280259785,2.3801065426805716
20,1.0,1,200,False,False,0.16666666666666666,9147,2.5541609401316974,2.305019699603704,4.181805421693893,3.0584062985424567
20,1.0,1,200,False,False,0.5,11054,1.3107545576348458,1.5839463487795393,1.9354740224004208,1.2390795353393464
20,1.0,1,200,False,False,1.0,12263,1.0894404248166738,1.2188439464559677,1.5788624650712164,0.6535138356373978
20,1.0,1,200,False,False,3.0,13382,0.7305177611264665,0.9950886954259385,1.0748684518555787,0.33997201302468727
20,1.0,1,200,True,False,0.016666666666666666,7453,1.8440330476684847,2.715246529560028,4.61570466465229,2.2160013866343693
20,1.0,1,200,True,False,0.16666666666666666,9075,2.4510012463062503,2.3842368184258356,3.9915315784978436,2.918990613586444
20,1.0,1,200,True,False,0.5,10967,1.3585555700006426,1.6665898563428208,2.0077905913351777,1.205091073032924
20,1.0,1,200,True,False,1.0,12158,1.1075448795596783,1.299486046371318,1.6055390834673007,0.6787927535899081
20,1.0,1,200,True,False,3.0,13271,0.7610264361226391,1.0677877120916888,1.120370208124998,0.35811635791232127
20,1.0,1,200,False,True,0.016666666666666666,7488,1.9110545464520388,2.7009108458568822,4.784232506470485,2.2977352702463
20,1.0,1,200,False,True,0.16666666666666666,9133,2.4881705159288403,2.286930197673766,4.062559903897951,2.8871097523823837
20,1.0,1,200,False,True,0.5,11043,1.2648796003199636,1.5525684003154248,1.8655953561004084,1.250635722013918
20,1.0,1,200,False,True,1.0,12250,1.0393499904728225,1.1913264436546502,1.5038154716004157,0.6277672640298412
20,1.0,1,200,False,True,3.0,13369,0.719115151248783,0.9195566060411452,1.058431009231326,0.3390188790175241
20,1.0,1,200,True,True,0.016666666666666666,7438,1.7814940843378015,2.7416929671366934,4.436645057461757,2.133534718898273
20,1.0,1,200,True,True,0.16666666666666666,9061,2.38434992334397,2.3671923158329613,3.872183193513415,2.751633120606524
20,1.0,1,200,True,True,0.5,10956,1.3126097995684318,1.635707389335673,1.9376510374249245,1.2146007728938626
20,1.0,1,200,True,True,1.0,12145,1.057214694066475,1.2722511520455644,1.5300545643096415,0.6525128966386203
20,1.0,1,200,True,True,3.0,13258,0.7495412598038154,0.9921776597318961,1.1038183383237932,0.3573687075510084
20,1.0,3,200,False,False,0.016666666666666666,7503,1.9728646418953302,2.674386337033849,4.963889280259785,2.3801065426805716
20,1.0,3,200,False,False,0.16666666666666666,6673,2.6007946181745636,2.6980742492849066,4.206233545873925,3.5120171571920995
20,1.0,3,200,False,False,0.5,5924,1.559841002343799,2.074180193365948,2.3100017818560103,1.359295817604458
20,1.0,3,200,False,False,1.0,5539,1.0233773211484087,1.1751156087427554,1.485892061222814,0.7559486381609406
20,1.0,3,200,False,False,3.0,5302,0.45297574674016117,1.2953669206921863,0.6422748615208266,0.26084480676769656
20,1.0,3,200,True,False,0.016666666666666666,7453,1.8440330476684847,2.715246529560028,4.61570466465229,2.2160013866343693
20,1.0,3,200,True,False,0.16666666666666666,6633,2.502231524898873,2.79752773471313,4.016740632577875,3.2789306331611296
20,1.0,3,200,True,False,0.5,5889,1.6515438795548285,2.1413177985236698,2.453991778932231,1.4414764569939438
20,1.0,3,200,True,False,1.0,5512,1.1373810753020894,1.3534830950462473,1.6566852194685602,0.8522674282263419
20,1.0,3,200,True,False,3.0,5279,0.461560289280195,1.3811319502240875,0.6543229269071854,0.2691562827067547
20,1.0,3,200,False,True,0.016666666666666666,7488,1.9110545464520388,2.7009108458568822,4.784232506470485,2.2977352702463
20,1.0,3,200,False,True,0.16666666666666666,6661,2.544115920001643,2.6208029193462967,4.104995012847892,3.4379054462894665
20,1.0,3,200,False,True,0.5,5913,1.549233266830509,2.066093874627909,2.293498512535517,1.347744858915818
20,1.0,3,200,False,True,1.0,5531,0.9815183770451555,1.1545389181515116,1.4234370561272907,0.7262554709884472
20,1.0,3,200,False,True,3.0,5299,0.46139413434618964,1.2992991244582317,0.6542692183074588,0.2697893517516456
20,1.0,3,200,True,True,0.016666666666666666,7438,1.7814940843378015,2.7416929671366934,4.436645057461757,2.133534718898273
20,1.0,3,200,True,True,0.16666666666666666,6621,2.4449589084871644,2.7210666436130837,3.915586352050854,3.206124488597325
20,1.0,3,200,True,True,0.5,5878,1.6411252416164048,2.1337921638459916,2.437695135673069,1.4299200902827722
20,1.0,3,200,True,True,1.0,5504,1.0953138001995577,1.3338238318699436,1.5935033884397687,0.8221183876060545
20,1.0,3,200,True,True,3.0,5276,0.4699993594007193,1.3854523891568096,0.6663464655887541,0.27837963839237523
20,1.0,5,200,False,False,0.016666666666666666,7503,1.9728646418953302,2.674386337033849,4.963889280259785,2.3801065426805716
20,1.0,5,200,False,False,0.16666666666666666,6534,2.5732602933476056,2.520600108591931,4.1874007852158615,3.305124305590346
20,1.0,5,200,False,False,0.5,5400,1.2838474344285042,1.524656769557482,1.9037832485312138,1.1086506905971334
20,1.0,5,200,False,False,1.0,4653,0.8478877730879243,0.9689293373874661,1.198807595168263,0.6130007872836049
20,1.0,5,200,False,False,3.0,3847,0.3463919579617226,1.1956661796081256,0.48898773366568066,0.19792528043990487
20,1.0,5,200,True,False,0.016666666666666666,7453,1.8440330476684847,2.715246529560028,4.61570466465229,2.2160013866343693
20,1.0,5,200,True,False,0.16666666666666666,6496,2.4547582028618673,2.6796832516606144,3.961901169044267,3.0046214416151615
20,1.0,5,200,True,False,0.5,5371,1.4174284944430056,1.5473872230151764,2.112927779859653,1.266547144171108
20,1.0,5,200,True,False,1.0,4638,0.9635658157538505,1.1062964409017102,1.3668130165813297,0.6987239369163465
20,1.0,5,200,True,False,3.0,3834,0.34863596830125987,1.3027814035229708,0.49211020916301634,0.1952433600120953
20,1.0,5,200,False,True,0.016666666666666666,7488,1.9110545464520388,2.7009108458568822,4.784232506470485,2.2977352702463
20,1.0,5,200,False,True,0.16666666666666666,6521,2.5160006973075997,2.4699922112358483,4.084413710807933,3.2338265583620514
20,1.0,5,200,False,True,0.5,5389,1.2725081146811072,1.5300925873503495,1.8863029969305873,1.1097865571302192
20,1.0,5,200,False,True,1.0,4643,0.8147749011630626,0.9699723102917225,1.1509901793864732,0.5897974826233179
20,1.0,5,200,False,True,3.0,3846,0.3580878537463015,1.1607179121246178,0.5055718585281607,0.20488547991760467
20,1.0,5,200,True,True,0.016666666666666666,7438,1.7814940843378015,2.7416929671366934,4.436645057461757,2.133534718898273
20,1.0,5,200,True,True,0.16666666666666666,6483,2.3968954893420618,2.6313752445885714,3.8591697461999876,2.935824736550051
20,1.0,5,200,True,True,0.5,5360,1.4063900470887751,1.5531005250038183,2.095776720598092,1.286128933367363
20,1.0,5,200,True,True,1.0,4628,0.930346841252495,1.1081679698377982,1.3185330183151696,0.6754673189483845
20,1.0,5,200,True,True,3.0,3833,0.36038656492130383,1.2680746745444733,0.5087714752371104,0.20210198982490676
20,1.0,10,200,False,False,0.016666666666666666,7503,1.9728646418953302,2.674386337033849,4.963889280259785,2.3801065426805716
20,1.0,10,200,False,False,0.16666666666666666,6511,2.5796756453046763,2.5107880504254934,4.220172051277662,3.2916052939680354
20,1.0,10,200,False,False,0.5,5221,1.3617584006935342,1.6053849082384415,2.0213908341741584,1.1428151685802221
20,1.0,10,200,False,False,1.0,4257,0.712505145339254,0.7685323891263575,1.0047107181093804,0.5079649564870947
20,1.0,10,200,False,False,3.0,2985,0.6118122418386526,1.0111646524792177,0.9066910433270482,0.38506869375518393
20,1.0,10,200,True,False,0.016666666666666666,7453,1.8440330476684847,2.715246529560028,4.61570466465229,2.2160013866343693
20,1.0,10,200,True,False,0.16666666666666666,6474,2.4605758303720897,2.6679496643719323,3.9920104151001823,2.991576798139975
20,1.0,10,200,True,False,0.5,5195,1.4918080214988128,1.6988736689554185,2.2261388863530014,1.2947051136048822
20,1.0,10,200,True,False,1.0,4243,0.7825468979113054,0.9808006635501991,1.1059348878566557,0.5695078808315324
20,1.0,10,200,True,False,3.0,2985,0.6479585781883936,1.2292089256080798,0.9616741447375542,0.39866393482635987
20,1.0,10,200,False,True,0.016666666666666666,7488,1.9110545464520388,2.7009108458568822,4.784232506470485,2.2977352702463
20,1.0,10,200,False,True,0.16666666666666666,6498,2.522038955204745,2.4599881179499636,4.115783611766084,3.2202717468310733
20,1.0,10,200,False,True,0.5,5210,1.3505267347124765,1.611519303082917,2.0040080064547627,1.188513640305823
20,1.0,10,200,False,True,1.0,4248,0.6790483631376385,0.763251692237571,0.9566885505039444,0.48459877161431997
20,1.0,10,200,False,True,3.0,2990,0.631979023196365,0.8921100671838045,0.9364875730523062,0.39818369850869595
20,1.0,10,200,True,True,0.016666666666666666,7438,1.7814940843378015,2.7416929671366934,4.436645057461757,2.133534718898273
20,1.0,10,200,True,True,0.16666666666666666,6461,2.402323778542299,2.619434148005801,3.8878866034432455,2.922745210080901
20,1.0,10,200,True,True,0.5,5184,1.4808736473077457,1.705839611746699,2.209085183312238,1.3503719424443654
20,1.0,10,200,True,True,1.0,4234,0.7489501059578423,0.9767291722011671,1.0575096248773934,0.5455966809241789
20,1.0,10,200,True,True,3.0,2990,0.6681344925207153,1.1092777455542782,0.9915147845457943,0.4115254023738007
20,1.5,1,200,False,False,0.016666666666666666,3600,0.8460979581033843,3.094096631156148,1.6343882602284794,0.9317554398097798
20,1.5,1,200,False,False,0.16666666666666666,4412,1.3988107074358294,2.2810525978444858,2.260027295850491,1.2703437909803927
20,1.5,1,200,False,False,0.5,5262,0.7705714578748133,1.543553050114354,1.1526509371039393,0.4818112995004571
20,1.5,1,200,False,False,1.0,5788,0.759784464302818,1.045924573814458,1.1252644091727548,0.5182035002231871
20,1.5,1,200,False,False,3.0,6265,0.7026584080876771,0.9787311174742578,1.0842968660405785,0.567726946334139
20,1.5,1,200,True,False,0.016666666666666666,3575,0.8513304590295164,3.0402300976169854,1.6446803677607573,0.9373708568997621
20,1.5,1,200,True,False,0.16666666666666666,4379,1.404631100175789,2.279064314925507,2.2717510020592564,1.271975039869501
20,1.5,1,200,True,False,0.5,5218,0.8213139767229569,1.534319944820782,1.2295300119671548,0.5074288139552282
20,1.5,1,200,True,False,1.0,5735,0.8234621989786326,1.0389133797185386,1.222091418844651,0.5684610036911227
20,1.5,1,200,True,False,3.0,6210,0.7619504747834707,0.981252419010171,1.1780335331638647,0.6120568812609186
20,1.5,1,200,False,True,0.016666666666666666,3591,0.8444583745209211,3.104242555494968,1.631189227374126,0.929882815222692
20,1.5,1,200,False,True,0.16666666666666666,4406,1.3712342880371986,2.280203498247615,2.212526171301269,1.2460759584307324
20,1.5,1,200,False,True,0.5,5256,0.7765917910956839,1.5474931406811938,1.1615910068856874,0.5136514393328333
20,1.5,1,200,False,True,1.0,5779,0.7375847170745635,1.0526292095051553,1.0914033970083576,0.5029986467615247
20,1.5,1,200,False,True,3.0,6255,0.7230390344719122,0.9578015033130719,1.1174349360224511,0.5844383674514527
20,1.5,1,200,True,True,0.016666666666666666,3566,0.849691165658042,3.050545100654815,1.6414813605640672,0.9354984119873457
20,1.5,1,200,True,True,0.16666666666666666,4373,1.3769893552317185,2.2782111584767395,2.2240664873175957,1.2477113233457318
20,1.5,1,200,True,True,0.5,5212,0.8275511532653528,1.538277919353681,1.238803414359922,0.5406374770719153
20,1.5,1,200,True,True,1.0,5726,0.80120607355929,1.0456519190440419,1.1879809041492717,0.5530196161560892
20,1.5,1,200,True,True,3.0,6200,0.7823204463127771,0.9602308350493933,1.2113702558408372,0.6286912181871551
20,1.5,3,200,False,False,0.016666666666666666,3600,0.8460979581033843,3.094096631156148,1.6343882602284794,0.9317554398097798
20,1.5,3,200,False,False,0.16666666666666666,3207,1.5457940271555968,2.625270229696836,2.451838796504394,2.1125411343704297
20,1.5,3,200,False,False,0.5,2877,0.871240604061421,2.137259642147342,1.2936788358021125,0.6288377612832017
20,1.5,3,200,False,False,1.0,2712,0.9078700113366692,1.2002731408630944,1.3586441321228204,0.8585913009730015
20,1.5,3,200,False,False,3.0,2607,0.5059606199117008,1.2835668781694882,0.7167459256840395,0.3962413600180934
20,1.5,3,200,True,False,0.016666666666666666,3575,0.8513304590295164,3.0402300976169854,1.6446803677607573,0.9373708568997621
20,1.5,3,200,True,False,0.16666666666666666,3189,1.5281997433257153,2.497788181420666,2.422574651070556,2.0693965974572284
20,1.5,3,200,True,False,0.5,2862,0.897066740149089,2.0737838491382576,1.3319744804369713,0.612920102520993
20,1.5,3,200,True,False,1.0,2696,0.9309858214415024,1.1952363456578747,1.3957009805027019,0.7854069051697625
20,1.5,3,200,True,False,3.0,2595,0.5587634402491286,1.2357908847386883,0.7925592994806939,0.4330281024245116
20,1.5,3,200,False,True,0.016666666666666666,3591,0.8444583745209211,3.104242555494968,1.631189227374126,0.929882815222692
20,1.5,3,200,False,True,0.16666666666666666,3200,1.5180061827643028,2.656957775022466,2.4044597961175196,2.0729269006647586
20,1.5,3,200,False,True,0.5,2871,0.8772201347048473,2.0063363502234557,1.302401444538297,0.6781203581125318
20,1.5,3,200,False,True,1.0,2706,0.8835435829415207,1.123396658888646,1.3209908770198964,0.835485368784191
20,1.5,3,200,False,True,3.0,2602,0.49802966415327654,1.1618584676164536,0.705262550273824,0.3900068183661109
20,1.5,3,200,True,True,0.016666666666666666,3566,0.849691165658042,3.050545100654815,1.6414813605640672,0.9354984119873457
20,1.5,3,200,True,True,0.16666666666666666,3182,1.5003434007263283,2.529510964863637,2.3751403847226356,2.0300619275678127
20,1.5,3,200,True,True,0.5,2856,0.9031912644398304,1.9417468271130518,1.3409052946040771,0.6585413650843501
20,1.5,3,200,True,True,1.0,2690,0.906565055857289,1.1179771977051967,1.3577945680272057,0.7647052790661443
20,1.5,3,200,True,True,3.0,2590,0.550825674301751,1.1132730216170532,0.7810233996574846,0.4268490208810274
20,1.5,5,200,False,False,0.016666666666666666,3600,0.8460979581033843,3.094096631156148,1.6343882602284794,0.9317554398097798
20,1.5,5,200,False,False,0.16666666666666666,3136,1.6483463690639175,2.461752021291865,2.6574899865533066,2.2212525592803765
20,1.5,5,200,False,False,0.5,2633,0.8656634904785891,2.0466502112070675,1.2834702520039323,0.7180058013797488
20,1.5,5,200,False,False,1.0,2295,0.9190955847868412,1.432947345242925,1.3267065636889304,0.7991094848646899
20,1.5,5,200,False,False,3.0,1958,0.339149912635794,0.7182504500816924,0.47773823431118745,0.262379779240271
20,1.5,5,200,True,False,0.016666666666666666,3575,0.8513304590295164,3.0402300976169854,1.6446803677607573,0.9373708568997621
20,1.5,5,200,True,False,0.16666666666666666,3118,1.6307456737506252,2.40967333050886,2.627709775670383,2.194516411762503
20,1.5,5,200,True,False,0.5,2621,0.8617184926399167,1.9855528083055847,1.276338164535508,0.6613535625867112
20,1.5,5,200,True,False,1.0,2289,0.8777014818400767,1.3910306475824128,1.2659808589491717,0.8150374969068254
20,1.5,5,200,True,False,3.0,1951,0.4030135744546385,0.7701497134090576,0.5686259746599153,0.3239635197521789
20,1.5,5,200,False,True,0.016666666666666666,3591,0.8444583745209211,3.104242555494968,1.631189227374126,0.929882815222692
20,1.5,5,200,False,True,0.16666666666666666,3129,1.620380004484513,2.4934996695129494,2.60872885484004,2.1817624958627997
20,1.5,5,200,False,True,0.5,2626,0.8715900772384896,1.98695636531456,1.2920896523699714,0.7828039189278535
20,1.5,5,200,False,True,1.0,2287,0.8943079360411066,1.3827887387785256,1.2896565991387825,0.7807210717835635
20,1.5,5,200,False,True,3.0,1951,0.3609302461813631,0.7605064352441212,0.5086034932269324,0.30211226115531825
20,1.5,5,200,True,True,0.016666666666666666,3566,0.849691165658042,3.050545100654815,1.6414813605640672,0.9354984119873457
20,1.5,5,200,True,True,0.16666666666666666,3111,1.6027091340930295,2.441660114792456,2.5788883926625603,2.154995865631631
20,1.5,5,200,True,True,0.5,2614,0.8676707676185701,1.9258424939998353,1.2849770345078961,0.7166502430492598
20,1.5,5,200,True,True,1.0,2281,0.8527386594881541,1.3407400432570429,1.228751710423521,0.7953149613410191
20,1.5,5,200,True,True,3.0,1944,0.42474654588512367,0.8125307599219049,0.5995052174077601,0.36545186219869275
20,1.5,10,200,False,False,0.016666666666666666,3600,0.8460979581033843,3.094096631156148,1.6343882602284794,0.9317554398097798
20,1.5,10,200,False,False,0.16666666666666666,3121,1.6483463690639175,2.4506640043518737,2.6574899865533066,2.2212525592803765
20,1.5,10,200,False,False,0.5,2545,0.7953837528631803,1.8083103098289075,1.171008910057215,0.6611842320012593
20,1.5,10,200,False,False,1.0,2090,0.8292217731123682,1.6033487016881685,1.1965362274543,0.6745582173317201
20,1.5,10,200,False,False,3.0,1550,0.5793597855740875,1.3510578822054413,0.885798610479032,0.522404080458384
20,1.5,10,200,True,False,0.016666666666666666,3575,0.8513304590295164,3.0402300976169854,1.6446803677607573,0.9373708568997621
20,1.5,10,200,True,False,0.16666666666666666,3103,1.6307456737506252,2.4160932097003474,2.627709775670383,2.194516411762503
20,1.5,10,200,True,False,0.5,2533,0.8033074527507179,1.792534651208739,1.1817155981854806,0.6175669746895047
20,1.5,10,200,True,False,1.0,2087,0.7522348693631004,1.5423113084425772,1.0839214926694398,0.6516153479510028
20,1.5,10,200,True,False,3.0,1550,0.6199980878726713,1.4374185294827677,0.9507933961149249,0.5363279682936319
20,1.5,10,200,False,True,0.016666666666666666,3591,0.8444583745209211,3.104242555494968,1.631189227374126,0.929882815222692
20,1.5,10,200,False,True,0.16666666666666666,3114,1.620380004484513,2.4825698221183754,2.60872885484004,2.1817624958627997
20,1.5,10,200,False,True,0.5,2539,0.8010504301870159,1.7115953852232875,1.1791407042482858,0.7210548970048044
20,1.5,10,200,False,True,1.0,2082,0.8041691050227833,1.5670167128365469,1.1592278531221072,0.656665834737583
20,1.5,10,200,False,True,3.0,1545,0.5980219914327541,1.3606494424738147,0.9142422649929889,0.5469131778575074
20,1.5,10,200,True,True,0.016666666666666666,3566,0.849691165658042,3.050545100654815,1.6414813605640672,0.9354984119873457
20,1.5,10,200,True,True,0.16666666666666666,3096,1.6027091340930295,2.448293202683986,2.5788883926625603,2.154995865631631
20,1.5,10,200,True,True,0.5,2527,0.8090431606108797,1.6952662335338595,1.189931476669666,0.6693575406606233
20,1.5,10,200,True,True,1.0,2079,0.7269744638623948,1.5050414068504634,1.0464654945813294,0.6322945502533449
20,1.5,10,200,True,True,3.0,1545,0.6386715583956986,1.4469961859697344,0.9793172908967537,0.5601396758429122
20,2.0,1,200,False,False,0.016666666666666666,1430,0.7017894009497733,1.2171577162793727,1.7443564054831528,0.7064168297925847
20,2.0,1,200,False,False,0.16666666666666666,1750,1.5819812823571333,1.0205630863658295,2.955653847449372,1.2608983958506437
20,2.0,1,200,False,False,0.5,2067,0.5453066556810459,0.3831980262755413,0.8110943204115769,0.48131937034537126
20,2.0,1,200,False,False,1.0,2254,0.23346455344851771,0.181075118879291,0.3265331233208639,0.1813571824820068
20,2.0,1,200,False,False,3.0,2405,0.3928257826195301,0.19554418348364605,0.5590251815749693,0.34251762676442227
20,2.0,1,200,True,False,0.016666666666666666,1417,0.7165535988952434,1.1966450431450564,1.7820258320130793,0.7260778037632544
20,2.0,1,200,True,False,0.16666666666666666,1735,1.600210870999541,1.0712460202799532,2.997567720923469,1.3037628118090334
20,2.0,1,200,True,False,0.5,2046,0.6920192885910456,0.40048120622455385,1.0361380405794436,0.6426939089714491
20,2.0,1,200,True,False,1.0,2230,0.33740625984295824,0.17847717269410399,0.4736238379286079,0.27009850801397534
20,2.0,1,200,True,False,3.0,2380,0.49780309738319733,0.1930680323493724,0.7107654619152425,0.49001603786365
20,2.0,1,200,False,True,0.016666666666666666,1429,0.7017894009497733,1.218298522996115,1.7443564054831528,0.7064168297925847
20,2.0,1,200,False,True,0.16666666666666666,1749,1.5819812823571333,1.0194549473170922,2.955653847449372,1.2608983958506437
20,2.0,1,200,False,True,0.5,2067,0.5453066556810459,0.3967926386770426,0.8110943204115769,0.48131937034537126
20,2.0,1,200,False,True,1.0,2252,0.23346455344851771,0.19637730096187053,0.3265331233208639,0.1813571824820068
20,2.0,1,200,False,True,3.0,2403,0.3952311428226344,0.20137535199472448,0.5624919231506632,0.3466590726964305
20,2.0,1,200,True,True,0.016666666666666666,1416,0.7165535988952434,1.1977858327672624,1.7820258320130793,0.7260778037632544
20,2.0,1,200,True,True,0.16666666666666666,1734,1.600210870999541,1.0701376980524675,2.997567720923469,1.3037628118090334
20,2.0,1,200,True,True,0.5,2046,0.6920192885910456,0.4140943051896533,1.0361380405794436,0.6426939089714491
20,2.0,1,200,True,True,1.0,2228,0.33740625984295824,0.19381821760011955,0.4736238379286079,0.27009850801397534
20,2.0,1,200,True,True,3.0,2378,0.500228372163158,0.19891178072479748,0.714285015223242,0.4957362088452689
20,2.0,3,200,False,False,0.016666666666666666,1430,0.7017894009497733,1.2171577162793727,1.7443564054831528,0.7064168297925847
20,2.0,3,200,False,False,0.16666666666666666,1262,1.2337625829397043,1.695880093741843,1.9757537503069993,1.0503468713772615
20,2.0,3,200,False,False,0.5,1143,0.7006094583623476,1.0868274729462057,1.020501971721231,0.6154596845419588
20,2.0,3,200,False,False,1.0,1089,0.18526673078193492,0.3753677192060576,0.24663245421145522,0.12943346130263403
20,2.0,3,200,False,False,3.0,1060,0.014116615104002358,0.5170176710556851,0.018758389484061343,0.013722190076108002
20,2.0,3,200,True,False,0.016666666666666666,1417,0.7165535988952434,1.1966450431450564,1.7820258320130793,0.7260778037632544
20,2.0,3,200,True,False,0.16666666666666666,1251,1.2808364885726025,1.7166443298102148,2.054297335060239,1.1161314119989723
20,2.0,3,200,True,False,0.5,1135,0.7632600177898605,1.1263928095781144,1.1141788518890483,0.6671294053859568
20,2.0,3,200,True,False,1.0,1083,0.27692094383091953,0.4085485594473902,0.36949045116781015,0.19205805673842866
20,2.0,3,200,True,False,3.0,1054,0.13804339313999509,0.5541497593331561,0.18386241361132288,0.13317836633036878
20,2.0,3,200,False,True,0.016666666666666666,1429,0.7017894009497733,1.218298522996115,1.7443564054831528,0.7064168297925847
20,2.0,3,200,False,True,0.16666666666666666,1261,1.2337625829397043,1.7000879433055376,1.9757537503069993,1.0503468713772615
20,2.0,3,200,False,True,0.5,1143,0.7006094583623476,1.0868274729462057,1.020501971721231,0.6154596845419588
20,2.0,3,200,False,True,1.0,1088,0.18526673078193492,0.38938761557711715,0.24663245421145522,0.12943346130263403
20,2.0,3,200,False,True,3.0,1059,0.011901237516841558,0.5166675500353308,0.015814848251858145,0.011568428758390256
20,2.0,3,200,True,True,0.016666666666666666,1416,0.7165535988952434,1.1977858327672624,1.7820258320130793,0.7260778037632544
20,2.0,3,200,True,True,0.16666666666666666,1250,1.2808364885726025,1.7208484691520374,2.054297335060239,1.1161314119989723
20,2.0,3,200,True,True,0.5,1135,0.7632600177898605,1.1263928095781144,1.1141788518890483,0.6671294053859568
20,2.0,3,200,True,True,1.0,1082,0.27692094383091953,0.42262142531789165,0.36949045116781015,0.19205805673842866
20,2.0,3,200,True,True,3.0,1053,0.13582919469448368,0.553821570484546,0.18091671492701838,0.1310388559763299
20,2.0,5,200,False,False,0.016666666666666666,1430,0.7017894009497733,1.2171577162793727,1.7443564054831528,0.7064168297925847
20,2.0,5,200,False,False,0.16666666666666666,1237,1.0722346877622717,1.4769113182360885,1.6577633526266604,0.9563169582120058
20,2.0,5,200,False,False,0.5,1044,0.1562259074746587,1.200414802066331,0.21789834342332046,0.12422395751059614
20,2.0,5,200,False,False,1.0,935,-0.2562746102230988,0.4681495726371347,-0.3336380189313975,-0.1626052636609201
20,2.0,5,200,False,False,3.0,815,0.12424653661839698,0.6460470600140876,0.16982599197135054,0.125555877669225
20,2.0,5,200,True,False,0.016666666666666666,1417,0.7165535988952434,1.1966450431450564,1.7820258320130793,0.7260778037632544
20,2.0,5,200,True,False,0.16666666666666666,1226,1.1176916795430516,1.5199724184463699,1.7301579458181275,1.0209832051031307
20,2.0,5,200,True,False,0.5,1037,0.29923419018221137,1.2295751826794998,0.41951710857305907,0.24612544129880337
20,2.0,5,200,True,False,1.0,931,-0.15820229867519053,0.507310281674716,-0.20637388402279697,-0.09966686744554289
20,2.0,5,200,True,False,3.0,811,0.19944249384841817,0.6111845410971727,0.2727859220526196,0.20017683063772126
20,2.0,5,200,False,True,0.016666666666666666,1429,0.7017894009497733,1.218298522996115,1.7443564054831528,0.7064168297925847
20,2.0,5,200,False,True,0.16666666666666666,1236,1.0722346877622717,1.4811895600080913,1.6577633526266604,0.9563169582120058
20,2.0,5,200,False,True,0.5,1043,0.1562259074746587,1.2071069314315221,0.21789834342332046,0.12422395751059614
20,2.0,5,200,False,True,1.0,935,-0.2562746102230988,0.47729221222583895,-0.3336380189313975,-0.1626052636609201
20,2.0,5,200,False,True,3.0,815,0.12424653661839698,0.6350939093171748,0.16982599197135054,0.125555877669225
20,2.0,5,200,True,True,0.016666666666666666,1416,0.7165535988952434,1.1977858327672624,1.7820258320130793,0.7260778037632544
20,2.0,5,200,True,True,0.16666666666666666,1225,1.1176916795430516,1.524238564593575,1.7301579458181275,1.0209832051031307
20,2.0,5,200,True,True,0.5,1036,0.29923419018221137,1.2362959755229148,0.41951710857305907,0.24612544129880337
20,2.0,5,200,True,True,1.0,931,-0.15820229867519053,0.5165219231659889,-0.20637388402279697,-0.09966686744554289
20,2.0,5,200,True,True,3.0,811,0.19944249384841817,0.6001697801957779,0.2727859220526196,0.20017683063772126
20,2.0,10,200,False,False,0.016666666666666666,1430,0.7017894009497733,1.2171577162793727,1.7443564054831528,0.7064168297925847
20,2.0,10,200,False,False,0.16666666666666666,1233,1.0722346877622717,1.522477428628302,1.6577633526266604,0.9563169582120058
20,2.0,10,200,False,False,0.5,999,0.15769620720526425,1.4173669815046197,0.21999982338719778,0.11348115963594888
20,2.0,10,200,False,False,1.0,852,-0.3517199811698801,0.9403252085006254,-0.45586168117284426,-0.23745922494856975
20,2.0,10,200,False,False,3.0,665,0.34317593381656636,0.3077784269990435,0.4715101233224651,0.30351816470308424
20,2.0,10,200,True,False,0.016666666666666666,1417,0.7165535988952434,1.1966450431450564,1.7820258320130793,0.7260778037632544
20,2.0,10,200,True,False,0.16666666666666666,1222,1.1176916795430516,1.5653475523591298,1.7301579458181275,1.0209832051031307
20,2.0,10,200,True,False,0.5,993,0.2989755838122854,1.4337011557721249,0.41923742054873103,0.2217230243377561
20,2.0,10,200,True,False,1.0,849,-0.2564005981494427,0.9406900615597807,-0.33293674145309854,-0.1719145321467512
20,2.0,10,200,True,False,3.0,664,0.4366853544012629,0.35559921537608447,0.6017409836609828,0.4464075362122055
20,2.0,10,200,False,True,0.016666666666666666,1429,0.7017894009497733,1.218298522996115,1.7443564054831528,0.7064168297925847
20,2.0,10,200,False,True,0.16666666666666666,1232,1.0722346877622717,1.5267253123153561,1.6577633526266604,0.9563169582120058
20,2.0,10,200,False,True,0.5,998,0.15769620720526425,1.424167984180107,0.21999982338719778,0.11348115963594888
20,2.0,10,200,False,True,1.0,852,-0.3517199811698801,0.9494352660038586,-0.45586168117284426,-0.23745922494856975
20,2.0,10,200,False,True,3.0,665,0.3418003727551475,0.29989402406763904,0.46960357119047064,0.302303269388992
20,2.0,10,200,True,True,0.016666666666666666,1416,0.7165535988952434,1.1977858327672624,1.7820258320130793,0.7260778037632544
20,2.0,10,200,True,True,0.16666666666666666,1221,1.1176916795430516,1.5695835033764083,1.7301579458181275,1.0209832051031307
20,2.0,10,200,True,True,0.5,992,0.2989755838122854,1.4405308712004956,0.41923742054873103,0.2217230243377561
20,2.0,10,200,True,True,1.0,849,-0.2564005981494427,0.9498535379652283,-0.33293674145309854,-0.1719145321467512
20,2.0,10,200,True,True,3.0,664,0.4353002544780107,0.34769240191778245,0.5998107828508794,0.443140233411309
20,1.0,1,500,False,False,0.016666666666666666,6950,1.790327763887371,3.2505345593121273,4.0974852952656144,2.9964123557041757
20,1.0,1,500,False,False,0.16666666666666666,8469,2.4949379256677755,2.6388340766630836,4.025071950556099,2.8729910177965503
20,1.0,1,500,False,False,0.5,10258,1.7622919435348143,2.0936356850910185,2.6314380516876286,2.2904821221793785
20,1.0,1,500,False,False,1.0,11333,1.4277069787310483,1.6936698644060773,2.090792676338182,1.3372404645423246
20,1.0,1,500,False,False,3.0,12351,0.9054607418861634,1.4900150494113367,1.3361468806235084,0.6274053946830159
20,1.0,1,500,True,False,0.016666666666666666,6910,1.8133193334247935,3.2819304418572934,4.1591359633558955,3.033306900059894
20,1.0,1,500,True,False,0.16666666666666666,8413,2.45536593620411,2.6230149026516743,3.9595391716807056,2.817445467384679
20,1.0,1,500,True,False,0.5,10188,1.7731648222133929,2.1128890731907384,2.64618506745886,2.162816989258637
20,1.0,1,500,True,False,1.0,11247,1.4505645147753836,1.7134002239080715,2.1252072162919946,1.3456035033743614
20,1.0,1,500,True,False,3.0,12259,0.9311566405449025,1.507855758125034,1.3746427108277677,0.6401083139454499
20,1.0,1,500,False,True,0.016666666666666666,6932,1.717570779429405,3.343966041731285,3.9135020760379255,2.866667156110693
20,1.0,1,500,False,True,0.16666666666666666,8454,2.406673342231448,2.6322673817517264,3.8669028562227807,2.77266540754586
20,1.0,1,500,False,True,0.5,10244,1.7416701599046003,2.10131984999491,2.5994794973965867,2.374059902087586
20,1.0,1,500,False,True,1.0,11315,1.3774710257898477,1.6887723592306882,2.0137807722479666,1.2912133420981833
20,1.0,1,500,False,True,3.0,12335,0.8815331307819669,1.4772304087483021,1.3010598891234015,0.6124903481104551
20,1.0,1,500,True,True,0.016666666666666666,6892,1.7406230822026205,3.375815077712558,3.9746319872128617,2.9036178860024924
20,1.0,1,500,True,True,0.16666666666666666,8398,2.366637187840533,2.616418601579314,3.8008080869930225,2.7168892076979723
20,1.0,1,500,True,True,0.5,10174,1.7524795202630705,2.1208891947525843,2.6141246695716753,2.2596880503928647
20,1.0,1,500,True,True,1.0,11229,1.400125449757241,1.708667895222945,2.047772635955064,1.299824806256359
20,1.0,1,500,True,True,3.0,12243,0.9071073399792349,1.4951545135605053,1.3393678797644122,0.6252796660363408
20,1.0,3,500,False,False,0.016666666666666666,6950,1.790327763887371,3.2505345593121273,4.0974852952656144,2.9964123557041757
20,1.0,3,500,False,False,0.16666666666666666,6186,2.459625059492188,2.425874213726412,3.94338537983614,4.3317582763695786
20,1.0,3,500,False,False,0.5,5497,1.7897036021132122,2.290239750969889,2.66390754824857,2.000283142067577
20,1.0,3,500,False,False,1.0,5134,1.2152708034020394,1.656788904261151,1.7734040206603756,1.064368568239617
20,1.0,3,500,False,False,3.0,4919,0.7858285304073456,1.3847000045978848,1.1185218202066112,0.4814084489766128
20,1.0,3,500,True,False,0.016666666666666666,6910,1.8133193334247935,3.2819304418572934,4.1591359633558955,3.033306900059894
20,1.0,3,500,True,False,0.16666666666666666,6151,2.4490755117420138,2.4656133499611275,3.926877834885303,4.421096235173944
20,1.0,3,500,True,False,0.5,5471,1.8300931179027102,2.283658194082203,2.7269753908136054,2.0724813427871798
20,1.0,3,500,True,False,1.0,5114,1.2314863247479217,1.735913829939855,1.7973048861841097,1.015623639070297
20,1.0,3,500,True,False,3.0,4897,0.8498821242022108,1.455133142770486,1.2104139893189336,0.5237243038218939
20,1.0,3,500,False,True,0.016666666666666666,6932,1.717570779429405,3.343966041731285,3.9135020760379255,2.866667156110693
20,1.0,3,500,False,True,0.16666666666666666,6173,2.3727957527482006,2.333214127255405,3.78981486633515,4.1828976716653
20,1.0,3,500,False,True,0.5,5485,1.7778706454475823,2.2736672294912585,2.645592723850349,2.162671618145821
20,1.0,3,500,False,True,1.0,5123,1.1943958343757375,1.6494947523513932,1.741524404614638,1.0564882199489305
20,1.0,3,500,False,True,3.0,4916,0.7557228004088206,1.372405685899782,1.0748432748603918,0.45987465355159207
20,1.0,3,500,True,True,0.016666666666666666,6892,1.7406230822026205,3.375815077712558,3.9746319872128617,2.9036178860024924
20,1.0,3,500,True,True,0.16666666666666666,6138,2.3618690495354913,2.37299091506322,3.772624873737754,4.210973589973119
20,1.0,3,500,True,True,0.5,5459,1.8183299161471487,2.2670516796830134,2.708736603787679,2.105230960463794
20,1.0,3,500,True,True,1.0,5103,1.2105027534112331,1.729681789418023,1.7652267667068722,1.0077317008657838
20,1.0,3,500,True,True,3.0,4894,0.8195173196458913,1.431673101524313,1.166258915994319,0.5015757260944368
20,1.0,5,500,False,False,0.016666666666666666,6950,1.790327763887371,3.2505345593121273,4.0974852952656144,2.9964123557041757
20,1.0,5,500,False,False,0.16666666666666666,6051,2.396413233334496,2.214929587434049,3.8642081386575255,4.176824852635234
20,1.0,5,500,False,False,0.5,5004,1.4809085092252914,2.444082206236789,2.189611816956033,1.447591949242727
20,1.0,5,500,False,False,1.0,4304,1.0950474264747059,1.6102164680205606,1.567237471838058,0.9853007464381223
20,1.0,5,500,False,False,3.0,3598,0.5509698210217039,1.5958945544906773,0.7781477964448705,0.4888554628414046
20,1.0,5,500,True,False,0.016666666666666666,6910,1.8133193334247935,3.2819304418572934,4.1591359633558955,3.033306900059894
20,1.0,5,500,True,False,0.16666666666666666,6016,2.385585926599749,2.272826605442379,3.8473589238735437,4.261525313422116
20,1.0,5,500,True,False,0.5,4980,1.532275102721678,2.4054139866980533,2.2694098856104667,1.4811166918495078
20,1.0,5,500,True,False,1.0,4291,1.0999971946519942,1.6997444952945469,1.5739820398536064,0.9679441574419999
20,1.0,5,500,True,False,3.0,3584,0.5898393683098346,1.6754804680884665,0.8336518018855943,0.509387451128295
20,1.0,5,500,False,True,0.016666666666666666,6932,1.717570779429405,3.343966041731285,3.9135020760379255,2.866667156110693
20,1.0,5,500,False,True,0.16666666666666666,6039,2.308460991432842,2.130760344587526,3.7078509949655167,4.027361656378404
20,1.0,5,500,False,True,0.5,4991,1.4682322284784284,2.4350423745884355,2.1702133953993443,1.544818917565201
20,1.0,5,500,False,True,1.0,4297,1.0901844105909846,1.6089258873527674,1.5596552376731965,1.0271570169855921
20,1.0,5,500,False,True,3.0,3592,0.5737166547708079,1.5308970507820643,0.8103481142963982,0.5060962316268648
20,1.0,5,500,True,True,0.016666666666666666,6892,1.7406230822026205,3.375815077712558,3.9746319872128617,2.9036178860024924
20,1.0,5,500,True,True,0.16666666666666666,6004,2.2972415132685735,2.189142809662199,3.6902813272685036,4.052913406274654
20,1.0,5,500,True,True,0.5,4967,1.519708475168573,2.3961240865414988,2.2501323700085885,1.5801497441694157
20,1.0,5,500,True,True,1.0,4284,1.095106570431012,1.6992098513227147,1.5663518880817904,1.0221592226243825
20,1.0,5,500,True,True,3.0,3578,0.6126285826976748,1.6104231980266122,0.8659385071597027,0.5471331754205869
20,1.0,10,500,False,False,0.016666666666666666,6950,1.790327763887371,3.2505345593121273,4.0974852952656144,2.9964123557041757
20,1.0,10,500,False,False,0.16666666666666666,6028,2.5113683050669153,2.3447872987305467,4.100467131932245,4.3477417094581945
20,1.0,10,500,False,False,0.5,4831,1.5787091576216583,2.2856743504658414,2.3392311115991844,1.599351578798887
20,1.0,10,500,False,False,1.0,3918,1.225710087409565,1.6269187050524863,1.760967310455364,1.1063889383610015
20,1.0,10,500,False,False,3.0,2793,0.7006620058994453,1.567603191395553,1.0416082242864124,0.505095340656289
20,1.0,10,500,True,False,0.016666666666666666,6910,1.8133193334247935,3.2819304418572934,4.1591359633558955,3.033306900059894
20,1.0,10,500,True,False,0.16666666666666666,5993,2.5010562376512415,2.4222637694408085,4.0847678809847485,4.4375580362397
20,1.0,10,500,True,False,0.5,4812,1.6271682068082813,2.337899730705121,2.4140971754153786,1.678820452614497
20,1.0,10,500,True,False,1.0,3912,1.1998806321575424,1.7424414632008252,1.7226808391960409,1.083031597567876
20,1.0,10,500,True,False,3.0,2793,0.7544973936734533,1.7191240360123898,1.122583505417727,0.5487878652256927
20,1.0,10,500,False,True,0.016666666666666666,6932,1.717570779429405,3.343966041731285,3.9135020760379255,2.866667156110693
20,1.0,10,500,False,True,0.16666666666666666,6016,2.4231538440501637,2.2624619629458804,3.94057183601724,4.198943057924128
20,1.0,10,500,False,True,0.5,4817,1.5662139978790661,2.2850543702399584,2.320028928409772,1.7139623045878365
20,1.0,10,500,False,True,1.0,3913,1.2049314958454325,1.616271334768182,1.7297360860340751,1.174630271495825
20,1.0,10,500,False,True,3.0,2793,0.7325199817958371,1.5179615037278378,1.0887569688578214,0.5284525165510184
20,1.0,10,500,True,True,0.016666666666666666,6892,1.7406230822026205,3.375815077712558,3.9746319872128617,2.9036178860024924
20,1.0,10,500,True,True,0.16666666666666666,5981,2.4124462162553666,2.3407644273333665,3.9241019415300005,4.2272793227282675
20,1.0,10,500,True,True,0.5,4798,1.6147688471664776,2.33784200337555,2.3950012217587333,1.8005811391014357
20,1.0,10,500,True,True,1.0,3907,1.1789787215475394,1.7326612112371733,1.6913091982247053,1.094214790888255
20,1.0,10,500,True,True,3.0,2793,0.78633881526706,1.674757426993778,1.1697239199512683,0.5723902306085847
20,1.5,1,500,False,False,0.016666666666666666,3177,0.5300089351159282,3.216383268103166,0.8424468648008563,0.3410571078951385
20,1.5,1,500,False,False,0.16666666666666666,3921,1.5212546949635009,2.278437397807909,2.4479784022970743,1.4260111127039368
20,1.5,1,500,False,False,0.5,4667,0.7815153839092275,1.6476939617002948,1.1643657105335286,0.6673027109864753
20,1.5,1,500,False,False,1.0,5123,1.0193576724092461,1.2081956774748288,1.5195124594555145,1.1417567159025666
20,1.5,1,500,False,False,3.0,5506,0.701254894611853,1.0459912958768214,1.0813944111392897,0.667429008789849
20,1.5,1,500,True,False,0.016666666666666666,3161,0.5756962443167463,3.209335573258353,0.9168444745751382,0.38987718244879926
20,1.5,1,500,True,False,0.16666666666666666,3900,1.530499284562564,2.3332782079306607,2.4659801140483895,1.4743312529626362
20,1.5,1,500,True,False,0.5,4639,0.8522092739676761,1.700780981257862,1.2710935770092966,0.8588258338985628
20,1.5,1,500,True,False,1.0,5087,1.1126279939171495,1.2502103726684632,1.6634080564194256,1.3022823858996226
20,1.5,1,500,True,False,3.0,5469,0.7755190066210007,1.0952090018424867,1.1987060412755894,0.797780090163874
20,1.5,1,500,False,True,0.016666666666666666,3171,0.5250691067375843,3.2141384294650006,0.8344634033829508,0.33777854459816936
20,1.5,1,500,False,True,0.16666666666666666,3916,1.452064192656107,2.2780549331982214,2.325974424765425,1.363250576958818
20,1.5,1,500,False,True,0.5,4663,0.7777422513487104,1.6576757536475635,1.1582075086379227,0.6097235797038436
20,1.5,1,500,False,True,1.0,5117,0.9708033839394811,1.210878344935845,1.4443401195321144,1.088484281292307
20,1.5,1,500,False,True,3.0,5499,0.6982796174879171,1.0250834682167205,1.0781328343142953,0.5954034072783522
20,1.5,1,500,True,True,0.016666666666666666,3155,0.5707654168942797,3.207089933435873,0.908848646391952,0.3864234180823446
20,1.5,1,500,True,True,0.16666666666666666,3895,1.4611693530583285,2.3328949224811577,2.3434591161206626,1.4097165035697918
20,1.5,1,500,True,True,0.5,4635,0.8487577763872746,1.7107763243589589,1.26536512346089,0.7739675274318825
20,1.5,1,500,True,True,1.0,5081,1.0638360752209448,1.2528654378596313,1.5873434519915945,1.2464300026438715
20,1.5,1,500,True,True,3.0,5462,0.7723805567445389,1.0742480028979229,1.1953322675083886,0.7138677320077574
20,1.5,3,500,False,False,0.016666666666666666,3177,0.5300089351159282,3.216383268103166,0.8424468648008563,0.3410571078951385
20,1.5,3,500,False,False,0.16666666666666666,2819,1.7198671176128324,2.9142796991849163,2.775387829638935,1.774163799645096
20,1.5,3,500,False,False,0.5,2500,1.3030230480014044,2.473616862769341,1.9863880037496833,1.3762706187410279
20,1.5,3,500,False,False,1.0,2369,1.8456522972766332,1.862059943171737,2.8560789377862066,2.466395219370194
20,1.5,3,500,False,False,3.0,2278,0.8097058163145318,1.601593940391879,1.148570127797269,1.1379278093366967
20,1.5,3,500,True,False,0.016666666666666666,3161,0.5756962443167463,3.209335573258353,0.9168444745751382,0.38987718244879926
20,1.5,3,500,True,False,0.16666666666666666,2806,1.6536459211623455,2.9384878739873352,2.6571944683351307,1.7341776112999854
20,1.5,3,500,True,False,0.5,2488,1.314155178814021,2.5093098861565433,1.9993196439335752,1.3773791360371905
20,1.5,3,500,True,False,1.0,2356,1.8521714755585335,1.927928982236932,2.8689486756703735,2.4578183117985994
20,1.5,3,500,True,False,3.0,2268,0.8659647529594899,1.6083165711950984,1.2295488000672126,1.2832066561366615
20,1.5,3,500,False,True,0.016666666666666666,3171,0.5250691067375843,3.2141384294650006,0.8344634033829508,0.33777854459816936
20,1.5,3,500,False,True,0.16666666666666666,2814,1.6504663555035155,2.913863904603257,2.650091860128556,1.7051569038786227
20,1.5,3,500,False,True,0.5,2495,1.3041486358881977,2.4744196024275142,1.9875644732021267,1.3707942505841064
20,1.5,3,500,False,True,1.0,2366,1.8199752919886358,1.842546987887916,2.813101291735788,2.431161867981309
20,1.5,3,500,False,True,3.0,2275,0.8065745710719924,1.579520689726486,1.1444408196648437,1.1347911702243223
20,1.5,3,500,True,True,0.016666666666666666,3155,0.5707654168942797,3.207089933435873,0.908848646391952,0.3864234180823446
20,1.5,3,500,True,True,0.16666666666666666,2801,1.5837486189659802,2.938070910756547,2.5320919966991995,1.663410195802942
20,1.5,3,500,True,True,0.5,2483,1.3153967179274886,2.5101140005722318,2.000618315176946,1.37190304660691
20,1.5,3,500,True,True,1.0,2353,1.8263319296036744,1.908335583312546,2.82561886581977,2.422571949066919
20,1.5,3,500,True,True,3.0,2265,0.8627587035363244,1.5861857622101965,1.2253321098040444,1.2886808741352194
20,1.5,5,500,False,False,0.016666666666666666,3177,0.5300089351159282,3.216383268103166,0.8424468648008563,0.3410571078951385
20,1.5,5,500,False,False,0.16666666666666666,2745,1.7465520059510309,3.071605129353004,2.8413553468222292,1.7897696297005519
20,1.5,5,500,False,False,0.5,2260,1.2543542202859903,1.7929454791285462,1.9309983668352328,1.4668865908038504
20,1.5,5,500,False,False,1.0,1972,1.5404377314874638,1.491040761377564,2.2284355969111536,2.165142631246713
20,1.5,5,500,False,False,3.0,1688,0.6927659715445453,1.4104882049591179,0.9807456059574564,0.7457917191805489
20,1.5,5,500,True,False,0.016666666666666666,3161,0.5756962443167463,3.209335573258353,0.9168444745751382,0.38987718244879926
20,1.5,5,500,True,False,0.16666666666666666,2732,1.6801849471137384,3.095985169138959,2.7217742008005033,1.7501814873055417
20,1.5,5,500,True,False,0.5,2250,1.3211002554762725,1.849532138404294,2.033284920741193,1.5323603456992836
20,1.5,5,500,True,False,1.0,1966,1.5326457949909114,1.5458244326764805,2.2156023855218114,2.1416596366161498
20,1.5,5,500,True,False,3.0,1680,0.8125831964228484,1.536175956303019,1.1536557468876083,1.0555009009487377
20,1.5,5,500,False,True,0.016666666666666666,3171,0.5250691067375843,3.2141384294650006,0.8344634033829508,0.33777854459816936
20,1.5,5,500,False,True,0.16666666666666666,2740,1.6766952597053555,3.0711929267359603,2.7136757526915125,1.7207992021364413
20,1.5,5,500,False,True,0.5,2255,1.2555396643474566,1.7937400258850995,1.9324504336160016,1.3402833510297067
20,1.5,5,500,False,True,1.0,1969,1.514209662369108,1.4491304624457904,2.187921291752669,2.127462982324459
20,1.5,5,500,False,True,3.0,1687,0.7401182381491572,1.3678599069925246,1.0499291258252479,0.8001490488703176
20,1.5,5,500,True,True,0.016666666666666666,3155,0.5707654168942797,3.207089933435873,0.908848646391952,0.3864234180823446
20,1.5,5,500,True,True,0.16666666666666666,2727,1.6098217880108514,3.0955718276813275,2.5942912080760276,1.6794516231980339
20,1.5,5,500,True,True,0.5,2245,1.322707008013583,1.8503297857203176,2.0353549022290145,1.4284684892763844
20,1.5,5,500,True,True,1.0,1963,1.5062531760935507,1.503764195489134,2.1748593373250245,2.1039433754237287
20,1.5,5,500,True,True,3.0,1679,0.8594875023953481,1.4932892948340173,1.2227523157479465,1.121281527171693
20,1.5,10,500,False,False,0.016666666666666666,3177,0.5300089351159282,3.216383268103166,0.8424468648008563,0.3410571078951385
20,1.5,10,500,False,False,0.16666666666666666,2732,1.690401169351282,3.0457135533685036,2.734798805721625,1.7263586581611292
20,1.5,10,500,False,False,0.5,2174,1.2224654293148927,1.7025786764711834,1.8769038393094968,1.4767376161749557
20,1.5,10,500,False,False,1.0,1788,1.5370399302268838,1.716511382127546,2.235547378067217,2.151496848726303
20,1.5,10,500,False,False,3.0,1314,1.205877555952897,1.6545563566223587,1.9225657511050445,1.5386541776591627
20,1.5,10,500,True,False,0.016666666666666666,3161,0.5756962443167463,3.209335573258353,0.9168444745751382,0.38987718244879926
20,1.5,10,500,True,False,0.16666666666666666,2719,1.6233656310036213,3.0702287991513857,2.614988350661956,1.6851529260187115
20,1.5,10,500,True,False,0.5,2165,1.3012370963617144,1.7617473530493741,1.998066772293773,1.5582297507044205
20,1.5,10,500,True,False,1.0,1782,1.512217808028956,1.7187476103126609,2.1975857111692854,2.10525047426267
20,1.5,10,500,True,False,3.0,1313,1.3041360319737787,1.6963992351590207,2.089155964230501,1.8835726460909057
20,1.5,10,500,False,True,0.016666666666666666,3171,0.5250691067375843,3.2141384294650006,0.8344634033829508,0.33777854459816936
20,1.5,10,500,False,True,0.16666666666666666,2727,1.6202480656985756,3.0452987543835963,2.6078507943800626,1.6572398656888474
20,1.5,10,500,False,True,0.5,2169,1.2234701754404642,1.7033766060022275,1.8780327898928986,1.3381517820627593
20,1.5,10,500,False,True,1.0,1784,1.510699945144101,1.6639309394517454,2.194634415246255,2.1137959313343666
20,1.5,10,500,False,True,3.0,1312,1.259562543348772,1.6238410992762378,2.0101169707224784,1.6122871186275192
20,1.5,10,500,True,True,0.016666666666666666,3155,0.5707654168942797,3.207089933435873,0.908848646391952,0.3864234180823446
20,1.5,10,500,True,True,0.16666666666666666,2714,1.5526993560645526,3.069812839690181,2.4882421311438416,1.6142702889515672
20,1.5,10,500,True,True,0.5,2160,1.3027279902918805,1.7625484020194004,1.9999116692958667,1.4984653885098254
20,1.5,10,500,True,True,1.0,1778,1.4856896166353222,1.665975143685477,2.1564432023032625,2.0674773397875033
20,1.5,10,500,True,True,3.0,1311,1.357648354244039,1.6659346660097196,2.1769376900730357,1.9673324965337546
20,2.0,1,500,False,False,0.016666666666666666,1203,0.41641324188041356,2.220390416441775,0.8902785854816602,0.32680903678155876
20,2.0,1,500,False,False,0.16666666666666666,1481,0.3592060508503189,1.7240245342959022,0.542807788787433,0.2545797352644776
20,2.0,1,500,False,False,0.5,1754,-0.5101008017899151,0.8784646092885222,-0.6880075580176453,-0.2091922335342993
20,2.0,1,500,False,False,1.0,1910,-0.648930547222774,0.7869138680612161,-0.8573947503606296,-0.24472120309733295
20,2.0,1,500,False,False,3.0,2033,-0.8268402149850073,0.5608028248772817,-1.0801478215842888,-0.26499900227421685
20,2.0,1,500,True,False,0.016666666666666666,1197,0.3987628832315949,2.2231490037950827,0.85165951532671,0.3006538266396598
20,2.0,1,500,True,False,0.16666666666666666,1474,0.33668805826036036,1.729377964663152,0.5081235032953265,0.22726710549618545
20,2.0,1,500,True,False,0.5,1747,-0.43735358454007145,0.8872925287330017,-0.5915741690724647,-0.1953787034081553
20,2.0,1,500,True,False,1.0,1898,-0.6656638162822732,0.7755538123138602,-0.8776600774818001,-0.24594842100069275
20,2.0,1,500,True,False,3.0,2021,-0.8376408608041772,0.5496826148369248,-1.0927091847602577,-0.2654363366047938
20,2.0,1,500,False,True,0.016666666666666666,1200,0.4096987760454424,2.213401028868869,0.8757528717085371,0.316606846297412
20,2.0,1,500,False,True,0.16666666666666666,1480,0.3433865004766243,1.7240245342959022,0.5184711762022514,0.23542917012042988
20,2.0,1,500,False,True,0.5,1753,-0.5443567556132299,0.8935761207147314,-0.7317711554282993,-0.2144605599015884
20,2.0,1,500,False,True,1.0,1908,-0.648930547222774,0.7585055982357667,-0.8573947503606296,-0.24472120309733295
20,2.0,1,500,False,True,3.0,2031,-0.7601286583700092,0.5291568657776897,-1.00098369659942,-0.2594744794707461
20,2.0,1,500,True,True,0.016666666666666666,1194,0.3920415747196549,2.2161596305130993,0.8371413757683733,0.2912232775732217
20,2.0,1,500,True,True,0.16666666666666666,1473,0.3208137185020677,1.729377964663152,0.4837620106306582,0.20979303824333426
20,2.0,1,500,True,True,0.5,1746,-0.47155797097660823,0.9023990359455409,-0.6356978525889649,-0.20165269952671977
20,2.0,1,500,True,True,1.0,1896,-0.6656638162822732,0.7471206898618914,-0.8776600774818001,-0.24594842100069275
20,2.0,1,500,True,True,3.0,2019,-0.7703475970742074,0.5180093701812863,-1.0131161474954815,-0.25995891935718507
20,2.0,3,500,False,False,0.016666666666666666,1203,0.41641324188041356,2.220390416441775,0.8902785854816602,0.32680903678155876
20,2.0,3,500,False,False,0.16666666666666666,1073,0.43109141137779233,1.3031224402062485,0.6585636228501646,0.34598638211143395
20,2.0,3,500,False,False,0.5,965,-0.2347618788944668,1.0995288979828182,-0.3182730830764262,-0.11429992224338852
20,2.0,3,500,False,False,1.0,911,-0.40453370918217746,0.794173290598486,-0.51473028254911,-0.2292418617477436
20,2.0,3,500,False,False,3.0,888,-0.5301131800223821,0.337523568628337,-0.6850181114873445,-0.2795297529441476
20,2.0,3,500,True,False,0.016666666666666666,1197,0.3987628832315949,2.2231490037950827,0.85165951532671,0.3006538266396598
20,2.0,3,500,True,False,0.16666666666666666,1068,0.4216897747786055,1.313713102004768,0.6436354510803438,0.3299022294213935
20,2.0,3,500,True,False,0.5,961,-0.20275352442687777,1.0979195597082043,-0.2753348883272,-0.10297128969759813
20,2.0,3,500,True,False,1.0,909,-0.4335453189825038,0.7814005656006581,-0.5501036273253131,-0.24420933052824592
20,2.0,3,500,True,False,3.0,884,-0.48751266842609636,0.3536109627443295,-0.6296378491107861,-0.2739286667528626
20,2.0,3,500,False,True,0.016666666666666666,1200,0.4096987760454424,2.213401028868869,0.8757528717085371,0.316606846297412
20,2.0,3,500,False,True,0.16666666666666666,1071,0.4143271543983946,1.291366965437821,0.6323567626911096,0.3195342896368098
20,2.0,3,500,False,True,0.5,964,-0.26910029264387963,1.0995288979828182,-0.36354338601480984,-0.12479940380697649
20,2.0,3,500,False,True,1.0,911,-0.40453370918217746,0.8258436018566999,-0.51473028254911,-0.2292418617477436
20,2.0,3,500,False,True,3.0,890,-0.4618989561570294,0.3158761876862823,-0.5991715415300328,-0.27155924743152865
20,2.0,3,500,True,True,0.016666666666666666,1194,0.3920415747196549,2.2161596305130993,0.8371413757683733,0.2912232775732217
20,2.0,3,500,True,True,0.16666666666666666,1066,0.4048827765930972,1.3019582754266017,0.617397517003417,0.3046440637287375
20,2.0,3,500,True,True,0.5,960,-0.23713260941127448,1.0979195597082043,-0.320878430111426,-0.11446480607766342
20,2.0,3,500,True,True,1.0,909,-0.4335453189825038,0.8131108479621436,-0.5501036273253131,-0.24420933052824592
20,2.0,3,500,True,True,3.0,886,-0.41931783543656354,0.33188381845065484,-0.5436785911265735,-0.26476684521444843
20,2.0,5,500,False,False,0.016666666666666666,1203,0.41641324188041356,2.220390416441775,0.8902785854816602,0.32680903678155876
20,2.0,5,500,False,False,0.16666666666666666,1043,0.6305481966839919,1.4036935650416018,1.017369922497543,0.5015441722855541
20,2.0,5,500,False,False,0.5,870,-0.2141312793119882,1.7966604731392073,-0.2883266396664059,-0.11919803799592839
20,2.0,5,500,False,False,1.0,769,-0.248086778447863,1.4715957551838852,-0.3188450496823872,-0.15149940521516017
20,2.0,5,500,False,False,3.0,675,-0.5371165397169948,0.8704117305026233,-0.6921074103057502,-0.29696816913114027
20,2.0,5,500,True,False,0.016666666666666666,1197,0.3987628832315949,2.2231490037950827,0.85165951532671,0.3006538266396598
20,2.0,5,500,True,False,0.16666666666666666,1038,0.6212726235979328,1.414397131923447,1.0016051569340498,0.48523080977048955
20,2.0,5,500,True,False,0.5,866,-0.1817328713094673,1.7949312231617207,-0.24509596067109815,-0.10630812738793359
20,2.0,5,500,True,False,1.0,767,-0.2854376814101308,1.4097014855976793,-0.36563373548950867,-0.1732595088495304
20,2.0,5,500,True,False,3.0,675,-0.5056411207533758,0.7559080340204698,-0.6499527555002109,-0.29348499682405904
20,2.0,5,500,False,True,0.016666666666666666,1200,0.4096987760454424,2.213401028868869,0.8757528717085371,0.316606846297412
20,2.0,5,500,False,True,0.16666666666666666,1041,0.6133765639750531,1.3917793871423703,0.9886610776256487,0.4720214132171665
20,2.0,5,500,False,True,0.5,868,-0.24873346022149048,1.804257708961117,-0.3337177003217958,-0.1309745539851204
20,2.0,5,500,False,True,1.0,769,-0.248086778447863,1.4707503607471766,-0.3188450496823872,-0.15149940521516017
20,2.0,5,500,False,True,3.0,674,-0.48411760527448977,0.8232325346990006,-0.6259185508739739,-0.2921418529442628
20,2.0,5,500,True,True,0.016666666666666666,1194,0.3920415747196549,2.2161596305130993,0.8371413757683733,0.2912232775732217
20,2.0,5,500,True,True,0.16666666666666666,1036,0.6040547556867908,1.4024836298066308,0.9728554469383984,0.45307730260841933
20,2.0,5,500,True,True,0.5,864,-0.21637603647672712,1.8025279379969965,-0.2907624659380001,-0.1193842293874883
20,2.0,5,500,True,True,1.0,767,-0.2854376814101308,1.4088534147856573,-0.36563373548950867,-0.1732595088495304
20,2.0,5,500,True,True,3.0,674,-0.45252779571661506,0.708773046445866,-0.583691490309981,-0.288104702683025
20,2.0,10,500,False,False,0.016666666666666666,1203,0.41641324188041356,2.220390416441775,0.8902785854816602,0.32680903678155876
20,2.0,10,500,False,False,0.16666666666666666,1038,0.6305481966839919,1.4219701854641524,1.017369922497543,0.5015441722855541
20,2.0,10,500,False,False,0.5,838,-0.23463578934938692,1.428989092258703,-0.31447531930540273,-0.11758429891234161
20,2.0,10,500,False,False,1.0,700,-0.3029759606201861,1.006790411807332,-0.38697962143374276,-0.20377523405276218
20,2.0,10,500,False,False,3.0,543,-0.4426734092556192,0.529944129635822,-0.5764148102731874,-0.22319633615906673
20,2.0,10,500,True,False,0.016666666666666666,1197,0.3987628832315949,2.2231490037950827,0.85165951532671,0.3006538266396598
20,2.0,10,500,True,False,0.16666666666666666,1033,0.6212726235979328,1.4327073821182894,1.0016051569340498,0.48523080977048955
20,2.0,10,500,True,False,0.5,834,-0.20267158928009316,1.4274061705069578,-0.27204714412807063,-0.1067900953280463
20,2.0,10,500,True,False,1.0,698,-0.3404680934564436,0.9434715195912537,-0.4334244143744654,-0.22763180753202839
20,2.0,10,500,True,False,3.0,545,-0.32084426478246064,0.5428860243852531,-0.41852388549168096,-0.1942978293229184
20,2.0,10,500,False,True,0.016666666666666666,1200,0.4096987760454424,2.213401028868869,0.8757528717085371,0.316606846297412
20,2.0,10,500,False,True,0.16666666666666666,1036,0.6133765639750531,1.4100118830416666,0.9886610776256487,0.4720214132171665
20,2.0,10,500,False,True,0.5,836,-0.26892311872141833,1.4361485583830802,-0.3591654731937241,-0.13436655994786612
20,2.0,10,500,False,True,1.0,700,-0.3029759606201861,1.006003242415489,-0.38697962143374276,-0.20377523405276218
20,2.0,10,500,False,True,3.0,543,-0.39638320782594716,0.5428025061892249,-0.5176259864726918,-0.2034894953331088
20,2.0,10,500,True,True,0.016666666666666666,1194,0.3920415747196549,2.2161596305130993,0.8371413757683733,0.2912232775732217
20,2.0,10,500,True,True,0.16666666666666666,1031,0.6040547556867908,1.4207497633345003,0.9728554469383984,0.45307730260841933
20,2.0,10,500,True,True,0.5,832,-0.23699939239907694,1.4345651993639763,-0.31700010534523093,-0.12450298528946468
20,2.0,10,500,True,True,1.0,698,-0.3404680934564436,0.9426820570708971,-0.4334244143744654,-0.22763180753202839
20,2.0,10,500,True,True,3.0,545,-0.2750518107832873,0.5557734321204092,-0.3598416523877573,-0.17001298743051554
